,no,type,date,time,address,lat,lng,dist,year,times,totalSurv,month
1,647,住宅竊盜,1050101,01~03,台北市文山區木新里21鄰保儀路109巷1~30號,24.986165,121.569067,文山區,105,10,56,1
2,648,住宅竊盜,1050101,19~21,台北市松山區濱江街430巷1~30號,25.0705036,121.562203,松山區,105,5,0,1
3,650,住宅竊盜,1050101,22~24,台北市士林區中山北路7段14巷61 ~ 90號,25.1186097,121.5314528,士林區,105,28,0,1
4,651,住宅竊盜,1050101,22~24,台北市內湖區康樂街110巷16弄1 ~ 30號,25.070656,121.6182918,內湖區,105,19,3,1
5,649,住宅竊盜,1050101,22~24,台北市中山區錦州街31~60號,25.0604257,121.5264588,中山區,105,45,219,1
6,652,住宅竊盜,1050102,10~12,台北市中正區龍興里三元街1 ~ 30號,25.0298591,121.5085418,中正區,105,40,85,1
7,653,住宅竊盜,1050102,16~18,台北市中山區松江路235巷1~30號,25.0589871,121.5338425,中山區,105,40,199,1
8,654,住宅竊盜,1050102,19~21,台北市中正區愛國西路1~30號,25.0356043,121.5142953,中正區,105,17,130,1
9,655,住宅竊盜,1050103,13~15,台北市信義區興隆里逸仙路50巷1~30號,25.0406161,121.5630199,信義區,105,20,93,1
10,656,住宅竊盜,1050103,16~18,台北市大安區錦華里杭州南路二段93巷1~30號,25.0284647,121.5229502,大安區,105,22,61,1
11,657,住宅竊盜,1050103,19~21,台北市中山區新生北路二段58巷1~30號,25.0552809,121.5270131,中山區,105,41,152,1
12,658,住宅竊盜,1050104,07~09,台北市內湖區康樂街136巷29弄31~60號,25.072837,121.617992,內湖區,105,19,2,1
13,659,住宅竊盜,1050104,19~21,台北市大安區虎嘯里敦化南路二段151~180號,25.0236949,121.5483457,大安區,105,25,132,1
14,660,住宅竊盜,1050104,22~24,台北市松山區南京東路五段251巷46弄1~30號,25.0537829,121.5650655,松山區,105,28,144,1
15,661,住宅竊盜,1050105,13~15,台北市內湖區康寧路一段301~330號,25.0788957,121.5990773,內湖區,105,10,0,1
16,662,住宅竊盜,1050106,01~03,台北市文山區順興里9鄰木新路二段158巷1弄1~30號,24.983716,121.567081,文山區,105,13,55,1
17,663,住宅竊盜,1050106,10~12,台北市中正區南福里寧波西街1~30號,25.0310232,121.5182374,中正區,105,23,57,1
18,664,住宅竊盜,1050107,13~15,台北市士林區蘭興里德行東路1~30號,25.1096146,121.5335159,士林區,105,20,5,1
19,665,住宅竊盜,1050107,16~18,台北市士林區蘭興里德行東路1~30號,25.1096146,121.5335159,士林區,105,20,5,1
20,666,住宅竊盜,1050107,19~21,台北市信義區五常里永吉路181~210號,25.045853,121.571964,信義區,105,21,68,1
21,667,住宅竊盜,1050108,22~24,台北市文山區萬隆里羅斯福路五段211~240號,25.0013529,121.538933,文山區,105,14,15,1
22,668,住宅竊盜,1050109,22~24,台北市南港區鴻福里玉成街241~270號,25.0429569,121.5856511,南港區,105,23,1,1
23,669,住宅竊盜,1050110,04~06,台北市文山區萬盛里萬盛街91~120號,25.0055973,121.5427974,文山區,105,10,23,1
24,670,住宅竊盜,1050110,07~09,台北市北投區奇岩里公館路85巷2弄1~30號,25.1302713,121.505726,北投區,105,12,90,1
25,671,住宅竊盜,1050110,16~18,台北市內湖區康樂街136巷30弄1~30號,25.0719275,121.6177786,內湖區,105,19,3,1
26,672,住宅竊盜,1050110,19~21,台北市松山區南京東路五段250巷2弄1~30號,25.0508381,121.5662339,松山區,105,27,149,1
27,673,住宅竊盜,1050111,16~18,台北市士林區葫蘆里延平北路五段241~270號,25.0846082,121.5097287,士林區,105,20,160,1
28,674,住宅竊盜,1050111,16~18,台北市萬華區康定路1~30號,25.0461223,121.5034365,萬華區,105,14,70,1
29,675,住宅竊盜,1050111,19~21,台北市士林區蘭雅里德行東路1~30號,25.1078563,121.5282451,士林區,105,25,8,1
30,676,住宅竊盜,1050112,07~09,台北市士林區天和里天母東路91巷1~30號,25.1188692,121.5357943,士林區,105,22,0,1
31,677,住宅竊盜,1050113,04~06,台北市內湖區康樂街220巷2弄1~30號,25.0760699,121.6203077,內湖區,105,15,1,1
32,678,住宅竊盜,1050113,10~12,台北市大同區至聖里民族西路187巷1~30號,25.0689233,121.5149307,大同區,105,19,336,1
33,679,住宅竊盜,1050113,16~18,台北市北投區承德路七段361~390號,25.118422,121.5025621,北投區,105,8,27,1
34,680,住宅竊盜,1050113,22~24,台北市南港區九如里研究院路三段10巷1~30號,25.0351181,121.6139605,南港區,105,5,1,1
35,681,住宅竊盜,1050114,10~12,台北市大同區雙連里重慶北路二段2巷151~180號,25.058404,121.513825,大同區,105,20,276,1
36,682,住宅竊盜,1050114,22~24,台北市中山區明水路541~570號,25.078471,121.551841,中山區,105,5,0,1
37,683,住宅竊盜,1050115,07~09,台北市南港區合成里忠孝東路六段61~90號,25.0475451,121.5844094,南港區,105,17,15,1
38,684,住宅竊盜,1050115,10~12,台北市文山區忠順里14鄰興隆路四段145巷83弄1~30號,24.9851891,121.5619975,文山區,105,16,58,1
39,685,住宅竊盜,1050116,10~12,台北市內湖區金湖路331~360號,25.0735206,121.6035672,內湖區,105,6,1,1
40,686,住宅竊盜,1050116,16~18,台北市北投區開明里復興四路1~30號,25.142415,121.500983,北投區,105,16,105,1
41,687,住宅竊盜,1050117,13~15,台北市大安區民輝里八德路2段10巷1 ~ 30號,25.0443981,121.5342663,大安區,105,9,81,1
42,688,住宅竊盜,1050118,19~21,台北市內湖區金湖路1~30號,25.0838795,121.5950595,內湖區,105,11,0,1
43,689,住宅竊盜,1050119,01~03,台北市中山區北安路630巷9弄1~30號,25.083078,121.549491,中山區,105,8,0,1
44,690,住宅竊盜,1050119,13~15,台北市大同區寧夏路121~150號,25.0603444,121.5146484,大同區,105,19,308,1
45,691,住宅竊盜,1050119,16~18,台北市文山區興得里興隆路三段31~60號,24.999923,121.5560868,文山區,105,5,2,1
46,692,住宅竊盜,1050120,07~09,台北市萬華區莒光路271~300號,25.030969,121.4998965,萬華區,105,48,53,1
47,693,住宅竊盜,1050120,10~12,台北市大安區義安里敦化南路2段81巷31~60號,25.0300712,121.5501083,大安區,105,35,70,1
48,694,住宅竊盜,1050121,13~15,台北市士林區陽明里凱旋路61~90號,25.1356747,121.5434613,士林區,105,2,1,1
49,695,住宅竊盜,1050122,16~18,台北市松山區南京東路五段291巷6弄1~30號,25.0520489,121.5658489,松山區,105,29,149,1
50,696,住宅竊盜,1050122,22~24,台北市北投區智仁里中和街481~510號,25.1450942,121.4953451,北投區,105,13,66,1
51,697,住宅竊盜,1050123,07~09,台北市信義區雙和里吳興街284巷24弄61~90號,25.02295,121.561644,信義區,105,21,78,1
52,698,住宅竊盜,1050124,13~15,台北市文山區興昌里辛亥路四段101巷140弄1~30號,25.006564,121.561958,文山區,105,3,6,1
53,699,住宅竊盜,1050124,19~21,台北市中山區民生西路45巷9弄1~30號,25.0590931,121.5209727,中山區,105,39,215,1
54,700,住宅竊盜,1050125,07~09,台北市內湖區安康路434巷20弄1~30號,25.0665728,121.615505,內湖區,105,16,3,1
55,702,住宅竊盜,1050125,10~12,台北市北投區中庸里雙全街62巷1~30號,25.1375139,121.5006811,北投區,105,20,132,1
56,703,住宅竊盜,1050125,10~12,台北市中正區黎明里重慶南路一段1~30號,25.0457944,121.5131252,中正區,105,17,159,1
57,701,住宅竊盜,1050125,10~12,台北市大安區黎和里和平東路三段416巷25弄1~30號,25.0177844,121.5585051,大安區,105,9,89,1
58,704,住宅竊盜,1050126,07~09,台北市士林區百齡里8鄰福港街259巷1~30號,25.0840298,121.5191696,士林區,105,16,165,1
59,705,住宅竊盜,1050126,16~18,台北市松山區三民路96巷1~30號,25.0571965,121.5637527,松山區,105,26,108,1
60,706,住宅竊盜,1050127,13~15,台北市北投區立賢里實踐街5巷1~30號,25.1147564,121.5075454,北投區,105,16,11,1
61,707,住宅竊盜,1050128,13~15,台北市內湖區碧山里7鄰內湖路三段60巷12弄61~90號,25.0889762,121.5919685,內湖區,105,9,0,1
62,708,住宅竊盜,1050128,19~21,台北市士林區福順里延平北路五段121~150號,25.0824998,121.5104478,士林區,105,17,162,1
63,709,住宅竊盜,1050129,04~06,台北市內湖區新明路380巷6弄1~30號,25.0556152,121.5799871,內湖區,105,6,16,1
64,710,住宅竊盜,1050129,13~15,台北市北投區中央里中正街49巷31弄31~60號,25.1312991,121.5002451,北投區,105,16,113,1
65,711,住宅竊盜,1050129,16~18,台北市松山區南京東路五段291巷19弄31~60號,25.0525428,121.5673399,松山區,105,27,140,1
66,712,住宅竊盜,1050129,22~24,台北市內湖區文德路208巷6弄1~30號,25.0779473,121.5832624,內湖區,105,13,0,1
67,713,住宅竊盜,1050130,10~12,台北市大安區黎孝里和平東路三段271~300號,25.0223056,121.5550507,大安區,105,24,121,1
68,714,住宅竊盜,1050130,22~24,台北市信義區忠孝東路四段481~510號,25.0413471,121.5604148,信義區,105,21,133,1
69,715,住宅竊盜,1050131,10~12,台北市中山區民權東路三段61~90號,25.0625501,121.5432045,中山區,105,25,61,1
70,716,住宅竊盜,1050131,22~24,台北市中山區林森北路107巷31~60號,25.0502007,121.526122,中山區,105,25,95,1
71,717,住宅竊盜,1050201,19~21,台北市松山區南京東路五段181~210號,25.051672,121.5635343,松山區,105,28,173,2
72,718,住宅竊盜,1050202,19~21,台北市南港區九如里研究院路三段10巷1~30號,25.0351181,121.6139605,南港區,105,5,1,2
73,719,住宅竊盜,1050203,04~06,台北市大同區玉泉里西寧北路86巷1~30號,25.052127,121.508659,大同區,105,18,171,2
74,720,住宅竊盜,1050203,07~09,台北市中山區新生北路三段87巷1~30號,25.0674623,121.5281723,中山區,105,26,203,2
75,721,住宅竊盜,1050203,10~12,台北市松山區南京東路五段389巷11弄1~30號,25.0525075,121.5694162,松山區,105,27,123,2
76,722,住宅竊盜,1050203,19~21,台北市南港區仁福里福德街373巷31~60號,25.0393131,121.591729,南港區,105,17,0,2
77,723,住宅竊盜,1050204,13~15,台北市文山區萬隆里萬隆街61~90號,25.0004769,121.5366,文山區,105,13,16,2
78,724,住宅竊盜,1050205,07~09,台北市中山區新生北路二段127巷31~60號,25.0599131,121.5294355,中山區,105,45,219,2
79,725,住宅竊盜,1050205,16~18,台北市士林區天壽里中山北路六段441巷1~30號,25.1166112,121.5269877,士林區,105,27,0,2
80,726,住宅竊盜,1050207,07~09,台北市中山區中山北路一段33巷1~30號,25.0488445,121.5215875,中山區,105,22,96,2
81,727,住宅竊盜,1050207,16~18,台北市大安區錦安里麗水街17巷1~30號,25.029318,121.529317,大安區,105,17,46,2
82,728,住宅竊盜,1050208,19~21,台北市大安區臨江里5鄰通化街123巷31~60號,25.0291,121.5552927,大安區,105,38,74,2
83,729,住宅竊盜,1050209,10~12,台北市內湖區成功路二段250巷1~30號,25.065579,121.593307,內湖區,105,12,0,2
84,730,住宅竊盜,1050209,22~24,台北市大安區通安里17鄰通化街170巷1~30號,25.0280983,121.5531974,大安區,105,38,101,2
85,732,住宅竊盜,1050210,07~09,台北市松山區精忠里民生東路四段55巷1~30號,25.058693,121.550412,松山區,105,11,33,2
86,731,住宅竊盜,1050210,07~09,台北市萬華區大理街160巷23弄1~30號,25.0321164,121.4937201,萬華區,105,22,6,2
87,733,住宅竊盜,1050210,13~15,台北市士林區福中里12鄰通河東街一段124巷1~30號,25.086729,121.516191,士林區,105,19,202,2
88,734,住宅竊盜,1050210,19~21,台北市士林區天和里中山北路七段114巷61弄1~30號,25.1232584,121.5353689,士林區,105,14,0,2
89,735,住宅竊盜,1050211,10~12,台北市中山區民生東路二段147巷5弄1~30號,25.0592981,121.5349425,中山區,105,38,196,2
90,736,住宅竊盜,1050212,01~03,台北市士林區福林里10鄰中山北路五段280巷1~30號,25.0871695,121.5284313,士林區,105,7,90,2
91,737,住宅竊盜,1050212,16~18,台北市萬華區三水街61~90號,25.035749,121.5036988,萬華區,105,30,74,2
92,738,住宅竊盜,1050213,19~21,台北市信義區正和里光復南路421巷91~120號,25.0362022,121.5596316,信義區,105,32,46,2
93,739,住宅竊盜,1050214,19~21,台北市南港區東新里向陽路120巷2弄1~30號,25.0546952,121.5970372,南港區,105,10,3,2
94,740,住宅竊盜,1050217,01~03,台北市中正區水源里羅斯福路四段52巷16弄1~30號,25.0154208,121.5333586,中正區,105,9,75,2
95,741,住宅竊盜,1050217,10~12,台北市中山區吉林路199巷1~30號,25.060046,121.5310239,中山區,105,43,211,2
96,742,住宅竊盜,1050217,16~18,台北市北投區吉利里石牌路一段39巷120弄1~30號,25.1170666,121.50986,北投區,105,21,20,2
97,743,住宅竊盜,1050218,01~03,台北市中山區農安街1~30號,25.065211,121.5293055,中山區,105,38,208,2
98,744,住宅竊盜,1050218,01~03,台北市中山區民權東路二段152巷6弄1~30號,25.0614617,121.5351353,中山區,105,41,214,2
99,745,住宅竊盜,1050219,13~15,台北市松山區市民大道五段121~150號,25.04785,121.563391,松山區,105,31,190,2
100,746,住宅竊盜,1050219,16~18,台北市中山區伊通街99巷15之1~30號,25.0533244,121.5358699,中山區,105,22,199,2
101,747,住宅竊盜,1050220,01~03,台北市士林區福順里重慶北路四段61~90號,25.0824444,121.5129481,士林區,105,22,187,2
102,748,住宅竊盜,1050220,07~09,台北市內湖區港富里18鄰內湖路一段737巷91~120號,25.0824259,121.5792856,內湖區,105,12,0,2
103,749,住宅竊盜,1050220,19~21,台北市萬華區大理街159巷3弄1~30號,25.0349693,121.4960952,萬華區,105,28,10,2
104,750,住宅竊盜,1050221,07~09,台北市萬華區萬大路277巷31~60號,25.0254234,121.5017454,萬華區,105,37,39,2
105,751,住宅竊盜,1050222,10~12,台北市萬華區萬大路486巷37弄1~30號,25.019974,121.496321,萬華區,105,14,5,2
106,752,住宅竊盜,1050223,04~06,台北市中正區愛國里9鄰延平南路258巷1~30號,25.0330108,121.5071735,中正區,105,38,77,2
107,753,住宅竊盜,1050223,13~15,台北市北投區福興里自強街5巷91~120號,25.1125655,121.5108837,北投區,105,18,2,2
108,754,住宅竊盜,1050224,13~15,台北市士林區後港里大南路391~420號,25.090054,121.51623,士林區,105,15,164,2
109,755,住宅竊盜,1050225,10~12,台北市文山區辛亥路六段31~60號,24.9900226,121.5525456,文山區,105,9,8,2
110,756,住宅竊盜,1050225,22~24,台北市內湖區新明路219巷2弄1~30號,25.0578054,121.5878483,內湖區,105,10,3,2
111,757,住宅竊盜,1050226,07~09,台北市中正區文盛里羅斯福路三段316巷9弄1~30號,25.015572,121.531843,中正區,105,11,68,2
112,758,住宅竊盜,1050226,10~12,台北市大安區正聲里仁愛路四段391~420號,25.0373755,121.5577625,大安區,105,34,64,2
113,759,住宅竊盜,1050227,10~12,台北市萬華區中華路2段364巷1 ~ 30號,25.0287765,121.5044408,萬華區,105,38,62,2
114,760,住宅竊盜,1050227,19~21,台北市萬華區中華路二段416巷61~90號,25.0267642,121.5031259,萬華區,105,38,47,2
115,761,住宅竊盜,1050228,16~18,台北市中山區新生北路二段27巷1~30號,25.0538935,121.5270172,中山區,105,37,143,2
116,762,住宅竊盜,1050301,10~12,台北市松山區東新街54巷1~30號,25.061762,121.565405,松山區,105,12,42,3
117,763,住宅竊盜,1050302,13~15,台北市大同區市民大道一段181~210號,25.0488651,121.5164017,大同區,105,22,192,3
118,764,住宅竊盜,1050303,01~03,台北市士林區社新里6鄰社子街31~60號,25.0876342,121.507867,士林區,105,18,141,3
119,765,住宅竊盜,1050303,07~09,台北市北投區吉慶里承德路七段164巷1~30號,25.1133394,121.5087473,北投區,105,17,6,3
120,766,住宅竊盜,1050304,07~09,台北市中山區民族東路31~60號,25.066597,121.538439,中山區,105,25,172,3
121,767,住宅竊盜,1050304,10~12,台北市北投區開明里復興四路8巷1~30號,25.141831,121.50008,北投區,105,16,114,3
122,768,住宅竊盜,1050305,22~24,台北市士林區天壽里16鄰天母西路31~60號,25.1184916,121.5243532,士林區,105,19,0,3
123,769,住宅竊盜,1050306,01~03,台北市大同區至聖里大龍街241 ~ 270號,25.0710797,121.5159334,大同區,105,18,304,3
124,770,住宅竊盜,1050306,10~12,台北市中山區龍江路295巷1~30號,25.0607962,121.5411244,中山區,105,29,105,3
125,771,住宅竊盜,1050307,16~18,台北市內湖區內湖路二段301~330號,25.0826133,121.5910052,內湖區,105,14,0,3
126,772,住宅竊盜,1050307,22~24,台北市大安區建倫里22鄰忠孝東路四段170巷17弄1~30號,25.0400232,121.5508746,大安區,105,32,121,3
127,773,住宅竊盜,1050308,01~03,台北市文山區景慶里景福街242巷1~30號,24.9933972,121.5397461,文山區,105,11,10,3
128,774,住宅竊盜,1050308,10~12,台北市中正區南福里羅斯福路一段90巷1~30號,25.0299644,121.5196848,中正區,105,24,60,3
129,775,住宅竊盜,1050308,13~15,台北市內湖區新富街31~60號,25.0590407,121.5832767,內湖區,105,10,4,3
130,776,住宅竊盜,1050310,13~15,台北市萬華區大理街31~60號,25.0346823,121.5020786,萬華區,105,34,54,3
131,777,住宅竊盜,1050310,16~18,台北市大安區光武里24鄰復興南路一段135巷1~30號,25.0428162,121.5442226,大安區,105,16,106,3
132,778,住宅竊盜,1050311,01~03,台北市士林區社新里社子街112巷20弄1~30號,25.0875794,121.5052877,士林區,105,15,129,3
133,779,住宅竊盜,1050311,01~03,台北市士林區社新里19鄰社子街22巷65弄1~30號,25.0868967,121.5057126,士林區,105,15,133,3
134,780,住宅竊盜,1050312,01~03,台北市松山區寶清街1~30號,25.0496729,121.5691247,松山區,105,28,139,3
135,781,住宅竊盜,1050313,07~09,台北市松山區南京東路五段251巷22弄31~60號,25.051926,121.5642637,松山區,105,26,165,3
136,782,住宅竊盜,1050314,16~18,台北市士林區蘭興里德行西路93巷6弄1~30號,25.105136,121.521093,士林區,105,17,32,3
137,783,住宅竊盜,1050314,16~18,台北市信義區六合里信義路五段150巷391~420號,25.0244688,121.5710908,信義區,105,8,1,3
138,784,住宅竊盜,1050314,19~21,台北市中山區錦州街31~60號,25.0604257,121.5264588,中山區,105,45,219,3
139,785,住宅竊盜,1050314,19~21,台北市中山區林森北路391~420號,25.0586777,121.5257019,中山區,105,45,205,3
140,786,住宅竊盜,1050314,22~24,台北市中山區市民大道三段121~150號,25.0449154,121.5384536,中山區,105,14,113,3
141,787,住宅竊盜,1050315,13~15,台北市中山區中山北路一段33巷31~60號,25.048525,121.523245,中山區,105,19,84,3
142,788,住宅竊盜,1050316,07~09,台北市士林區永福里莊頂路91~120號,25.1105764,121.5523084,士林區,105,1,0,3
143,789,住宅竊盜,1050316,19~21,台北市北投區開明里中和街278巷13樓,25.1405133,121.500724,北投區,105,18,123,3
144,790,住宅竊盜,1050317,07~09,台北市中正區南福里羅斯福路二段8巷14弄1~30號,25.0284444,121.5203713,中正區,105,23,60,3
145,791,住宅竊盜,1050318,07~09,台北市大安區群賢里和平東路2段301 ~ 330號,25.0250135,121.5448232,大安區,105,18,105,3
146,792,住宅竊盜,1050318,22~24,台北市中山區林森北路391~420號,25.0586777,121.5257019,中山區,105,45,205,3
147,793,住宅竊盜,1050320,13~15,台北市中正區水源里汀州路三段230巷25弄1~30號,25.0107676,121.5330347,中正區,105,9,44,3
148,794,住宅竊盜,1050320,16~18,台北市中山區中山北路一段33巷20弄1~30號,25.080659,121.526509,中山區,105,8,76,3
149,795,住宅竊盜,1050321,10~12,台北市士林區天母里天母北路87巷2弄1~30號,25.12252,121.526962,士林區,105,21,0,3
150,796,住宅竊盜,1050321,22~24,台北市中山區中山北路二段137巷24之1~30號,25.0613344,121.524635,中山區,105,44,229,3
151,797,住宅竊盜,1050322,16~18,台北市大安區建倫里安和路一段31~60號,25.0388533,121.5506081,大安區,105,32,100,3
152,798,住宅竊盜,1050323,01~03,台北市士林區天祿里士東路91巷1~30號,25.1125094,121.5289962,士林區,105,31,3,3
153,799,住宅竊盜,1050323,22~24,台北市中正區頂東里羅斯福路三段58巷1~30號,25.0221677,121.5258721,中正區,105,19,63,3
154,800,住宅竊盜,1050324,19~21,台北市中山區長春路91~120號,25.0548889,121.5288284,中山區,105,42,157,3
156,802,住宅竊盜,1050328,19~21,台北市萬華區長泰街241~270號,25.0214346,121.4946658,萬華區,105,14,8,3
157,803,住宅竊盜,1050328,22~24,台北市大安區德安里敦化南路1段331 ~ 360號,25.0339724,121.5483704,大安區,105,36,27,3
158,804,住宅竊盜,1050330,10~12,台北市內湖區文德路22巷16弄1~30號,25.0774328,121.5800252,內湖區,105,13,0,3
159,805,住宅竊盜,1050330,22~24,台北市北投區中庸里大業路691 ~ 720號,25.1371817,121.5001847,北投區,105,19,130,3
160,806,住宅竊盜,1050331,22~24,台北市士林區臨溪里至善路二段323巷1~30號,25.0981643,121.5412173,士林區,105,3,14,3
161,807,住宅竊盜,1050401,16~18,台北市萬華區頂碩里7鄰大埔街1~30號,25.0324182,121.5044328,萬華區,105,38,62,4
162,808,住宅竊盜,1050401,22~24,台北市信義區永吉里松山路151~180號,25.046597,121.578015,信義區,105,23,26,4
163,809,住宅竊盜,1050402,19~21,台北市信義區大道里中坡南路1~30號,25.0431247,121.5829969,信義區,105,22,9,4
164,810,住宅竊盜,1050403,13~15,台北市萬華區青年路31~60號,25.0254958,121.5046556,萬華區,105,32,44,4
165,811,住宅竊盜,1050403,13~15,台北市萬華區青年路31~60號,25.0254958,121.5046556,萬華區,105,32,44,4
166,812,住宅竊盜,1050403,16~18,台北市北投區榮華里富貴一路1巷1~30號,25.1140843,121.5238046,北投區,105,23,0,4
167,813,住宅竊盜,1050403,19~21,台北市萬華區廣州街61~90號,25.0364893,121.5025694,萬華區,105,30,67,4
168,814,住宅竊盜,1050404,07~09,台北市北投區中央里中央南路一段102巷1~30號,25.131082,121.500088,北投區,105,16,112,4
169,815,住宅竊盜,1050404,10~12,台北市北投區石牌里明德路67巷1~30號,25.1084302,121.5182688,北投區,105,15,2,4
170,816,住宅竊盜,1050405,22~24,台北市大安區錦泰里7鄰杭州南路二段61巷1~30號,25.0303916,121.5223252,大安區,105,24,57,4
171,817,住宅竊盜,1050406,16~18,台北市大同區景星里迪化街2段61 ~ 90號,25.0655341,121.5094466,大同區,105,15,293,4
172,818,住宅竊盜,1050407,07~09,台北市文山區興旺里10鄰福興路4巷7弄1~30號,25.0039003,121.5520159,文山區,105,6,4,4
173,819,住宅竊盜,1050407,10~12,台北市中正區南門里延平南路181~210號,25.0342563,121.5075713,中正區,105,35,92,4
174,820,住宅竊盜,1050407,13~15,台北市大同區蓬萊里大龍街181~210號,25.069009,121.516003,大同區,105,20,338,4
175,821,住宅竊盜,1050408,13~15,台北市大同區光能里寧夏路31~60號,25.0567183,121.515374,大同區,105,21,226,4
176,823,住宅竊盜,1050408,19~21,台北市松山區民生東路三段112巷7弄1~30號,25.056694,121.546333,松山區,105,15,90,4
177,822,住宅竊盜,1050408,19~21,台北市南港區舊莊里合順街8巷5弄31~60號,25.04224,121.619349,南港區,105,10,2,4
178,824,住宅竊盜,1050409,19~21,台北市萬華區新和里19鄰中華路二段416巷61~90號,25.0275063,121.5030806,萬華區,105,39,52,4
179,825,住宅竊盜,1050410,01~03,台北市文山區華興里24鄰富山路1~30號,24.988767,121.552995,文山區,105,9,9,4
180,826,住宅竊盜,1050410,16~18,台北市松山區南京東路五段391~420號,25.0515093,121.5693895,松山區,105,27,126,4
181,827,住宅竊盜,1050410,22~24,台北市內湖區康寧路三段99巷10弄1~30號,25.0723414,121.6105088,內湖區,105,18,2,4
182,828,住宅竊盜,1050411,19~21,台北市內湖區成功路三段91~120號,25.0786078,121.589824,內湖區,105,13,0,4
183,829,住宅竊盜,1050413,19~21,台北市士林區福華里12鄰承德路四段40巷121~150號,25.081763,121.520467,士林區,105,13,143,4
184,831,住宅竊盜,1050414,01~03,台北市松山區寶清街1~30號,25.0496729,121.5691247,松山區,105,28,139,4
185,830,住宅竊盜,1050414,01~03,台北市中山區松江路37巷1~30號,25.0476381,121.5333815,中山區,105,14,109,4
186,832,住宅竊盜,1050414,07~09,台北市文山區興業里興隆路2段181 ~ 210號,25.0013549,121.552199,文山區,105,5,2,4
187,833,住宅竊盜,1050414,19~21,台北市士林區社子里中正路601~630號,25.086769,121.508438,士林區,105,18,157,4
188,835,住宅竊盜,1050415,10~12,台北市大安區光信里光復南路451 ~ 480號,25.0351258,121.5573928,大安區,105,39,51,4
189,834,住宅竊盜,1050415,10~12,台北市大安區古風里師大路31~60號,25.0245266,121.528199,大安區,105,15,65,4
190,836,住宅竊盜,1050416,01~03,台北市士林區聖山里15鄰德行東路190巷6弄1~30號,25.1077034,121.5313827,士林區,105,23,10,4
191,837,住宅竊盜,1050416,07~09,台北市北投區湖山里紗帽路1~30號,25.139911,121.533058,北投區,105,2,5,4
192,838,住宅竊盜,1050416,22~24,台北市中正區永昌里汀州路一段242巷1~30號,25.0272215,121.5102955,中正區,105,34,90,4
193,839,住宅竊盜,1050418,22~24,台北市中正區永功里汀州路1段312巷1 ~ 30號,25.0259702,121.5119463,中正區,105,29,77,4
194,840,住宅竊盜,1050419,01~03,台北市中正區永昌里汀州路一段211~240號,25.0273402,121.5101562,中正區,105,33,91,4
195,843,住宅竊盜,1050419,19~21,台北市北投區永明里立農街二段202巷2弄1~30號,25.1180993,121.51405,北投區,105,20,3,4
196,842,住宅竊盜,1050419,19~21,台北市大同區永樂里民樂街1~30號,25.054353,121.510307,大同區,105,17,185,4
197,841,住宅竊盜,1050419,19~21,台北市文山區萬盛里羅斯福路五段53巷1~30號,25.0068444,121.5393967,文山區,105,9,34,4
199,845,住宅竊盜,1050420,19~21,台北市中正區永昌里汀州路一段242巷1~30號,25.0272215,121.5102955,中正區,105,34,90,4
200,846,住宅竊盜,1050421,01~03,台北市中山區民權東路二段135巷1~30號,25.0633209,121.5350811,中山區,105,38,190,4
201,847,住宅竊盜,1050421,16~18,台北市北投區永和里行義路140巷1~30號,25.129682,121.528045,北投區,105,9,0,4
202,848,住宅竊盜,1050423,04~06,台北市北投區文化里文化三路61~90號,25.1394116,121.4981165,北投區,105,19,125,4
203,849,住宅竊盜,1050424,04~06,台北市中正區頂東里晉江街124巷8弄1~30號,25.021838,121.5250716,中正區,105,19,64,4
204,850,住宅竊盜,1050424,07~09,台北市南港區百福里福德街339巷5弄1 ~ 30號,25.0385909,121.5900619,南港區,105,16,0,4
205,851,住宅竊盜,1050424,10~12,台北市信義區六藝里永吉路180巷70弄1 ~ 30號,25.0431834,121.570373,信義區,105,19,40,4
206,852,住宅竊盜,1050425,04~06,台北市中山區農安街1 ~ 30號,25.065211,121.5293055,中山區,105,38,208,4
207,853,住宅竊盜,1050425,10~12,台北市大安區仁愛里大安路一段106巷1~30號,25.0396433,121.5462231,大安區,105,20,80,4
208,854,住宅竊盜,1050425,10~12,台北市萬華區環河南路2段271 ~ 300號,25.031456,121.490665,萬華區,105,17,6,4
209,856,住宅竊盜,1050425,22~24,台北市北投區東華里立農街2段151 ~ 180號,25.123002,121.513702,北投區,105,15,14,4
210,857,住宅竊盜,1050425,22~24,台北市北投區東華里立農街2段151 ~ 180號,25.123002,121.513702,北投區,105,15,14,4
211,855,住宅竊盜,1050425,22~24,台北市松山區慶城街31~60號,25.054026,121.545534,松山區,105,16,137,4
212,858,住宅竊盜,1050426,04~06,台北市萬華區萬大路277巷31~60號,25.0254234,121.5017454,萬華區,105,37,39,4
213,859,住宅竊盜,1050426,13~15,台北市中山區吉林路161巷1~30號,25.0590072,121.5309119,中山區,105,43,202,4
214,861,住宅竊盜,1050427,04~06,台北市中山區林森北路119巷31~60號,25.0505507,121.5262629,中山區,105,24,98,4
215,860,住宅竊盜,1050427,04~06,台北市信義區大道里忠孝東路五段790巷25弄1~30號,25.0424718,121.5828219,信義區,105,23,7,4
216,862,住宅竊盜,1050427,07~09,台北市內湖區行善路361~390號,25.0638906,121.5853986,內湖區,105,14,0,4
217,863,住宅竊盜,1050427,13~15,台北市大同區玉泉里忠孝西路二段1~30號,25.0482396,121.5082797,大同區,105,18,171,4
218,865,住宅竊盜,1050427,16~18,台北市南港區重陽里向陽路258巷,25.0583266,121.5950937,南港區,105,12,0,4
219,864,住宅竊盜,1050427,16~18,台北市大安區仁愛里大安路一段96巷1~30號,25.0407239,121.545759,大安區,105,19,93,4
220,866,住宅竊盜,1050429,19~21,台北市中正區永昌里中華路二段381巷1~30號,25.0265755,121.5078696,中正區,105,33,73,4
221,867,住宅竊盜,1050430,10~12,台北市大同區斯文里承德路三段61~90號,25.0663286,121.5181052,大同區,105,25,370,4
222,868,住宅竊盜,1050501,10~12,台北市大安區臥龍街151~180號,25.0183074,121.5509061,大安區,105,12,130,5
223,869,住宅竊盜,1050501,22~24,台北市大安區正聲里03鄰光復南路260巷31~60號,25.0401451,121.5560157,大安區,105,29,131,5
224,870,住宅竊盜,1050502,10~12,台北市大同區朝陽里南京西路344巷31~60號,25.0529685,121.5122424,大同區,105,19,213,5
225,871,住宅竊盜,1050502,13~15,台北市松山區敦化北路145巷18弄1~30號,25.053503,121.550349,松山區,105,11,149,5
226,872,住宅竊盜,1050503,19~21,台北市大安區敦煌里信義路四段265巷20弄1~30號,25.0345536,121.5543984,大安區,105,38,49,5
227,873,住宅竊盜,1050505,13~15,台北市大同區斯文里承德路三段61~90號,25.0663286,121.5181052,大同區,105,25,370,5
228,874,住宅竊盜,1050506,01~03,台北市南港區東新里興南街64巷26弄1 ~ 30號,25.0548991,121.6012955,南港區,105,9,3,5
229,876,住宅竊盜,1050508,07~09,台北市內湖區安泰街31~60號,25.0735706,121.6182154,內湖區,105,18,2,5
230,875,住宅竊盜,1050508,07~09,台北市大同區星明里太原路175巷1~30號,25.055896,121.517093,大同區,105,32,215,5
231,877,住宅竊盜,1050508,19~21,台北市大安區龍圖里建國南路2段79巷1 ~ 30號,25.0309495,121.5382768,大安區,105,12,43,5
232,878,住宅竊盜,1050509,19~21,台北市中山區大直街52巷1~30號,25.082533,121.546126,中山區,105,4,0,5
233,879,住宅竊盜,1050510,13~15,台北市士林區舊佳里11鄰前街61~90號,25.0983138,121.5261883,士林區,105,9,97,5
234,880,住宅竊盜,1050510,19~21,台北市萬華區萬大路71巷31~60號,25.0307549,121.5016108,萬華區,105,43,57,5
235,881,住宅竊盜,1050511,22~24,台北市大安區光信里仁愛路四段408巷1~30號,25.035322,121.554564,大安區,105,39,49,5
236,882,住宅竊盜,1050512,01~03,台北市大安區建倫里忠孝東路4段170巷17弄1 ~ 30號,25.0400232,121.5508746,大安區,105,32,121,5
237,883,住宅竊盜,1050512,10~12,台北市文山區忠順里014鄰興隆路4段145巷83弄1 ~ 30號,24.9851891,121.5619975,文山區,105,16,58,5
238,884,住宅竊盜,1050512,16~18,台北市文山區興家里27鄰興隆路三段185巷7弄1~30號,24.9955854,121.5614762,文山區,105,5,44,5
239,885,住宅竊盜,1050513,07~09,台北市中山區新生北路二段61~90號,25.0613244,121.5296175,中山區,105,45,239,5
240,886,住宅竊盜,1050513,16~18,台北市大安區住安里信義路四段1~30號,25.0330113,121.5454284,大安區,105,29,27,5
241,887,住宅竊盜,1050513,16~18,台北市萬華區西園路二段241~270號,25.0264692,121.4934782,萬華區,105,28,6,5
242,888,住宅竊盜,1050513,16~18,台北市萬華區青年路152巷1~30號,25.0209749,121.5021641,萬華區,105,22,9,5
243,889,住宅竊盜,1050513,22~24,台北市萬華區中華路二段416巷61~90號,25.0267642,121.5031259,萬華區,105,38,47,5
244,890,住宅竊盜,1050514,13~15,台北市士林區天和里天母東路107巷1~30號,25.1187026,121.5367299,士林區,105,16,0,5
245,891,住宅竊盜,1050515,01~03,台北市中正區龍光里和平西路二段1~30號,25.0286917,121.5136586,中正區,105,32,100,5
246,892,住宅竊盜,1050515,10~12,台北市中山區新生北路二段91~120號,25.057841,121.5271758,中山區,105,44,187,5
247,893,住宅竊盜,1050515,19~21,台北市大同區鄰江里酒泉街241~270號,25.0721495,121.5096567,大同區,105,13,248,5
248,894,住宅竊盜,1050518,19~21,台北市萬華區康定路278巷17弄,25.0395722,121.5019266,萬華區,105,24,54,5
249,895,住宅竊盜,1050520,01~03,台北市內湖區內溝里康樂街201巷1~30號,25.0763074,121.6226305,內湖區,105,13,1,5
250,896,住宅竊盜,1050520,16~18,台北市萬華區寶興街80巷31~60號,25.025444,121.4937235,萬華區,105,26,8,5
251,897,住宅竊盜,1050521,04~06,台北市北投區開明里翠雲街26巷1~30號,25.144214,121.506524,北投區,105,9,61,5
252,898,住宅竊盜,1050521,04~06,台北市中山區民權東路二段135巷1~30號,25.0633209,121.5350811,中山區,105,38,190,5
253,899,住宅竊盜,1050522,07~09,台北市大同區保安里哈密街59巷38弄31~60號,25.0741249,121.5149807,大同區,105,17,269,5
254,900,住宅竊盜,1050522,13~15,台北市士林區福志里幸福街5巷1~30號,25.0966313,121.5282491,士林區,105,7,104,5
255,901,住宅竊盜,1050524,13~15,台北市內湖區港富里13鄰港墘路37巷1~30號,25.0822659,121.5785903,內湖區,105,12,0,5
256,902,住宅竊盜,1050526,16~18,台北市北投區永和里行義路241~270號,25.13445,121.528537,北投區,105,3,2,5
257,903,住宅竊盜,1050528,22~24,台北市文山區木新里15鄰木新路二段66巷1~30號,24.987622,121.570813,文山區,105,9,56,5
258,904,住宅竊盜,1050530,10~12,台北市南港區鴻福里玉成街235巷23弄1 ~ 30號,25.0430491,121.5857591,南港區,105,23,1,5
259,905,住宅竊盜,1050530,13~15,台北市大安區臨江里通化街39巷50弄1~30號,25.0281944,121.5546318,大安區,105,37,91,5
260,906,住宅竊盜,1050531,01~03,台北市南港區東新里興南街61~90號,25.0559759,121.600545,南港區,105,9,2,5
261,907,住宅竊盜,1050601,13~15,台北市北投區東華里立農街2段151~180號,25.123002,121.513702,北投區,105,15,14,6
263,909,住宅竊盜,1050602,13~15,台北市士林區福華里承德路四段40巷1~30號,25.0809179,121.522201,士林區,105,11,120,6
264,910,住宅竊盜,1050603,13~15,台北市大安區法治里樂利路11巷1~30號,25.0282848,121.5524325,大安區,105,37,94,6
265,911,住宅竊盜,1050603,13~15,台北市文山區景行里21鄰景興路238巷1~30號,24.990607,121.542867,文山區,105,9,10,6
266,912,住宅竊盜,1050604,07~09,台北市中正區黎明里重慶南路1段1 ~ 30號,25.0457944,121.5131252,中正區,105,17,159,6
267,913,住宅竊盜,1050604,10~12,台北市松山區新中街6巷1 ~ 30號,25.0582717,121.5606811,松山區,105,21,82,6
268,914,住宅竊盜,1050605,07~09,台北市士林區葫東里葫東街1~30號,25.083567,121.5112049,士林區,105,20,164,6
269,915,住宅竊盜,1050605,22~24,台北市信義區安康里松勇路31~60號,25.0368853,121.5700912,信義區,105,10,7,6
270,916,住宅竊盜,1050606,01~03,台北市大同區至聖里重慶北路三段223巷31~60號,25.0706194,121.5152177,大同區,105,18,316,6
271,917,住宅竊盜,1050606,04~06,台北市文山區興豐里景豐街48巷11弄1~30號,25.0014573,121.5462828,文山區,105,14,2,6
272,918,住宅竊盜,1050606,07~09,台北市士林區三玉里忠誠路二段76巷1~30號,25.1118005,121.5304785,士林區,105,33,3,6
273,919,住宅竊盜,1050606,10~12,台北市士林區延平北路五段136巷31~60號,25.0823432,121.511771,士林區,105,21,176,6
274,920,住宅竊盜,1050608,13~15,台北市北投區永和里行義路17巷1 ~ 30號,25.125028,121.526184,北投區,105,19,0,6
275,921,住宅竊盜,1050609,07~09,台北市內湖區康樂街136巷29弄31~60號,25.072837,121.617992,內湖區,105,19,2,6
276,922,住宅竊盜,1050609,13~15,台北市大安區住安里四維路124巷1~30號,25.0318503,121.5478463,大安區,105,36,35,6
277,924,住宅竊盜,1050609,22~24,台北市北投區東華里立農街2段151 ~ 180號,25.123002,121.513702,北投區,105,15,14,6
278,923,住宅竊盜,1050609,22~24,台北市北投區東華里立農街二段151~180號,25.1192968,121.5149626,北投區,105,21,4,6
279,925,住宅竊盜,1050610,13~15,台北市萬華區大理街160巷11弄1~30號,25.0321164,121.4937201,萬華區,105,22,6,6
280,926,住宅竊盜,1050611,10~12,台北市中正區忠勤里惠安街31~60號,25.029376,121.5069657,中正區,105,36,85,6
281,927,住宅竊盜,1050611,13~15,台北市文山區樟林里014鄰木新路3段241 ~ 270號,24.9811148,121.5588586,文山區,105,11,7,6
282,928,住宅竊盜,1050612,04~06,台北市北投區智仁里中和街507巷6弄1~30號,25.1446761,121.4940272,北投區,105,14,70,6
283,929,住宅竊盜,1050612,16~18,台北市士林區蘭興里克強路10巷4弄1~30號,25.109287,121.5246091,士林區,105,29,4,6
284,931,住宅竊盜,1050613,16~18,台北市北投區永欣里石牌路二段331巷1~30號,25.12276,121.5240059,北投區,105,17,0,6
285,930,住宅竊盜,1050613,16~18,台北市文山區景慶里溪口街31~60號,24.994555,121.540269,文山區,105,13,10,6
286,932,住宅竊盜,1050614,01~03,台北市北投區中庸里大同街208巷1~30號,25.1383893,121.4994745,北投區,105,22,133,6
287,933,住宅竊盜,1050614,01~03,台北市中正區新營里林森南路121~150號,25.0332459,121.5183242,中正區,105,17,59,6
288,935,住宅竊盜,1050614,19~21,台北市南港區南港里興中路61 ~ 90號,25.0567315,121.6069894,南港區,105,9,2,6
289,934,住宅竊盜,1050614,19~21,台北市南港區南港里興中路61~90號,25.0567315,121.6069894,南港區,105,9,2,6
290,936,住宅竊盜,1050615,07~09,台北市大安區龍雲里大安路二段151~180號,25.0285505,121.5461622,大安區,105,28,84,6
291,937,住宅竊盜,1050616,10~12,台北市文山區博嘉里010鄰和平東路四段361~390號,24.9999007,121.5738901,文山區,105,4,2,6
292,939,住宅竊盜,1050617,07~09,台北市南港區南港里興中路28巷31~60號,25.055555,121.606212,南港區,105,10,2,6
293,938,住宅竊盜,1050617,07~09,台北市南港區中研里研究院路二段2巷12弄1~30號,25.048193,121.614743,南港區,105,11,1,6
294,940,住宅竊盜,1050618,07~09,台北市士林區福志里與農路49巷1~30號,25.0986765,121.5326079,士林區,105,12,59,6
295,941,住宅竊盜,1050618,13~15,台北市北投區東華里立農街2段151 ~ 180號,25.123002,121.513702,北投區,105,15,14,6
296,942,住宅竊盜,1050619,07~09,台北市文山區華興里002鄰試院路144巷4弄1 ~ 30號,24.9905928,121.5477583,文山區,105,10,1,6
297,943,住宅竊盜,1050619,19~21,台北市北投區中央北路4段391 ~ 420號,25.1294939,121.4714909,北投區,105,1,39,6
298,944,住宅竊盜,1050620,19~21,台北市內湖區康寧路一段214巷1~30號,25.078256,121.595349,內湖區,105,9,0,6
299,945,住宅竊盜,1050621,13~15,台北市大安區新龍里瑞安街208巷78弄1~30號,25.0308633,121.5403663,大安區,105,13,57,6
300,946,住宅竊盜,1050621,22~24,台北市大安區通化里信義路4段378巷1~30號,25.0325329,121.5556591,大安區,105,39,43,6
301,948,住宅竊盜,1050622,01~03,台北市中山區林森北路310巷1~30號,25.0562092,121.5243368,中山區,105,40,157,6
302,947,住宅竊盜,1050622,01~03,台北市中山區林森北路310巷1~30號,25.0562092,121.5243368,中山區,105,40,157,6
303,950,住宅竊盜,1050623,07~09,台北市士林區天母里中山北路7段190巷91 ~ 120號,25.129271,121.539709,士林區,105,6,0,6
304,949,住宅竊盜,1050623,07~09,台北市大同區重慶北路3段271 ~ 300號,25.0722368,121.5140671,大同區,105,16,282,6
305,951,住宅竊盜,1050624,04~06,台北市萬華區西藏路181 ~ 210號,25.029291,121.500867,萬華區,105,44,51,6
306,952,住宅竊盜,1050624,19~21,台北市內湖區康寧路三段75巷186弄121~150號,25.0754461,121.61336,內湖區,105,17,2,6
307,953,住宅竊盜,1050625,04~06,台北市內湖區行善路25巷40弄1~30號,25.0558875,121.5745177,內湖區,105,19,73,6
308,954,住宅竊盜,1050625,07~09,台北市士林區聖山里忠誠路一段151~180號,25.1066166,121.5300736,士林區,105,24,20,6
309,955,住宅竊盜,1050625,10~12,台北市大安區敦安里信義路四段181~210號,25.033616,121.550768,大安區,105,41,43,6
310,956,住宅竊盜,1050626,01~03,台北市大安區通化里信義路4段378巷1 ~ 30號,25.0325329,121.5556591,大安區,105,39,43,6
311,957,住宅竊盜,1050628,16~18,台北市內湖區民權東路6段90巷5弄1 ~ 30號,25.0684753,121.5862348,內湖區,105,11,0,6
312,958,住宅竊盜,1050629,10~12,台北市中正區富水里汀州路三段60巷2弄1~30號,25.015206,121.530709,中正區,105,11,67,6
313,959,住宅竊盜,1050629,10~12,台北市士林區三玉里忠誠路2段21巷1 ~ 30號,25.10979,121.5322665,士林區,105,24,6,6
314,960,住宅竊盜,1050629,13~15,台北市萬華區西園路二段241~270號,25.0264692,121.4934782,萬華區,105,28,6,6
315,961,住宅竊盜,1050629,16~18,台北市士林區天母里15鄰天玉街81巷1~30號,25.1227941,121.530999,士林區,105,21,0,6
316,962,住宅竊盜,1050630,16~18,台北市南港區舊莊里合順街8巷5弄1~30號,25.0418951,121.6186633,南港區,105,10,2,6
317,963,住宅竊盜,1050630,22~24,台北市中山區吉林路433項31 ~ 60號,25.067065,121.5322013,中山區,105,34,215,6
318,964,住宅竊盜,1050701,01~03,台北市信義區大道里忠孝東路五段790巷62弄1~30號,25.0410807,121.5832758,信義區,105,21,1,7
319,965,住宅竊盜,1050701,04~06,台北市萬華區寶興街188巷1~30號,25.0229819,121.4955327,萬華區,105,21,8,7
320,966,住宅竊盜,1050701,10~12,台北市萬華區大理街31 ~ 60號,25.0346823,121.5020786,萬華區,105,34,54,7
321,967,住宅竊盜,1050701,13~15,台北市士林區菁山里9鄰菁山路99巷1~30號,25.1469696,121.552308,士林區,105,3,7,7
322,968,住宅竊盜,1050702,07~09,台北市內湖區東湖路113巷1~30號,25.0690878,121.6152815,內湖區,105,18,3,7
323,969,住宅竊盜,1050702,13~15,台北市大同區隆和里伊寧街61 ~ 90號,25.064691,121.510791,大同區,105,15,319,7
324,970,住宅竊盜,1050703,04~06,台北市大同區雙連里錦西街52巷1~30號,25.060083,121.519999,大同區,105,37,252,7
325,971,住宅竊盜,1050704,10~12,台北市北投區大興街24巷5弄1 ~ 30號,25.1291782,121.4988901,北投區,105,11,92,7
326,973,住宅竊盜,1050704,10~12,台北市萬華區長順街91 ~ 120號,25.0317376,121.4902484,萬華區,105,16,6,7
327,972,住宅竊盜,1050704,10~12,台北市萬華區長順街,25.0313487,121.4907441,萬華區,105,17,6,7
328,974,住宅竊盜,1050704,13~15,台北市信義區景新里莊敬路289巷1~30號,25.029235,121.564165,信義區,105,22,20,7
329,975,住宅竊盜,1050704,19~21,台北市中正區東門里信義路一段1~30號,25.0383572,121.5193604,中正區,105,13,91,7
330,976,住宅竊盜,1050705,04~06,台北市內湖區民權東路六段90巷15弄1~30號,25.067923,121.5862124,內湖區,105,10,0,7
331,977,住宅竊盜,1050705,07~09,台北市北投區湖田里竹子湖路1~30號,25.171436,121.538871,北投區,105,2,5,7
332,978,住宅竊盜,1050705,07~09,台北市士林區蘭興里克強路10巷9弄1 ~ 30號,25.109471,121.5241336,士林區,105,29,4,7
333,979,住宅竊盜,1050705,07~09,台北市北投區湖田里竹子湖路1 ~ 30號,25.171436,121.538871,北投區,105,2,5,7
334,980,住宅竊盜,1050705,13~15,台北市萬華區西園路1段125巷1 ~ 30號,25.0338357,121.49971,萬華區,105,40,52,7
335,981,住宅竊盜,1050705,16~18,台北市中山區民生東路二段61~90號,25.0581353,121.5296493,中山區,105,46,192,7
336,982,住宅竊盜,1050706,01~03,台北市中山區龍江路457巷1 ~ 30號,25.06767,121.541259,中山區,105,19,116,7
337,983,住宅竊盜,1050706,04~06,台北市中山區龍江路391 ~ 420號,25.0652746,121.5411129,中山區,105,22,144,7
338,984,住宅竊盜,1050706,07~09,台北市士林區天和里中山北路七段190巷31~60號,25.1262325,121.5356467,士林區,105,14,0,7
339,985,住宅竊盜,1050707,13~15,台北市大安區和平東路三段61~90號,25.0209763,121.5528956,大安區,105,23,129,7
340,986,住宅竊盜,1050707,13~15,台北市南港區三重里園區街14巷1~30號,25.0591669,121.6125731,南港區,105,11,2,7
341,987,住宅竊盜,1050709,10~12,台北市大同區朝陽里天水路31~60號,25.0522884,121.512181,大同區,105,19,225,7
342,988,住宅竊盜,1050710,10~12,台北市松山區敦化北路222巷1 ~ 30號,25.0591259,121.548521,松山區,105,13,54,7
343,989,住宅竊盜,1050710,10~12,台北市松山區健康路391 ~ 420號,25.054497,121.5687966,松山區,105,27,114,7
344,990,住宅竊盜,1050710,16~18,台北市北投區中央里中央南路二段91~120號,25.1299867,121.4991246,北投區,105,13,103,7
345,991,住宅竊盜,1050711,22~24,台北市北投區榮華里榮華二路1~30號,25.1133164,121.5243694,北投區,105,27,0,7
346,992,住宅竊盜,1050712,10~12,台北市士林區東山里1鄰德行東路397巷1~30號,25.111523,121.540323,士林區,105,14,0,7
347,993,住宅竊盜,1050713,01~03,台北市萬華區長沙街2段121 ~ 150號,25.040533,121.503437,萬華區,105,23,74,7
348,994,住宅竊盜,1050713,01~03,台北市北投區湖山里湖山路2段91 ~ 120號,25.1598176,121.5350323,北投區,105,1,2,7
349,995,住宅竊盜,1050714,10~12,台北市南港區中研里研究院路二段12巷57弄61~90號,25.048353,121.6138142,南港區,105,11,1,7
350,996,住宅竊盜,1050715,01~03,台北市松山區塔悠路186巷1 ~ 30號,25.0496798,121.571869,松山區,105,25,109,7
351,998,住宅竊盜,1050716,22~24,台北市大同區玉泉里延平北路1段66巷1 ~ 30號,25.0516115,121.5117544,大同區,105,18,222,7
352,997,住宅竊盜,1050716,22~24,台北市文山區萬祥里景明街61~90號,25.0003486,121.5406805,文山區,105,14,14,7
353,999,住宅竊盜,1050717,10~12,台北市中山區中山北路三段55巷1~30號,25.0678733,121.5236812,中山區,105,28,254,7
354,1000,住宅竊盜,1050719,22~24,台北市中山區龍江路37巷1 ~ 30號,25.0488164,121.5404168,中山區,105,13,166,7
355,1001,住宅竊盜,1050720,01~03,台北市中正區板溪里牯嶺街91 ~ 120號,25.0253934,121.5212684,中正區,105,24,57,7
356,1002,住宅竊盜,1050720,13~15,台北市大同區光能里南京西路61 ~ 90號,25.0530963,121.5191378,大同區,105,36,175,7
357,1003,住宅竊盜,1050721,10~12,台北市北投區長安里溫泉路61~90號,25.135721,121.508193,北投區,105,14,86,7
358,1004,住宅竊盜,1050721,19~21,台北市文山區萬美里027鄰萬寧街151~180號,25.003469,121.570798,文山區,105,5,1,7
359,1005,住宅竊盜,1050722,01~03,台北市士林區菁山里菁山路121 ~ 150號,25.1451059,121.561119,士林區,105,2,0,7
360,1006,住宅竊盜,1050722,07~09,台北市內湖區潭美街211~240號,25.0557883,121.5846401,內湖區,105,10,12,7
361,1007,住宅竊盜,1050722,10~12,台北市萬華區昆明街211 ~ 240號,25.0388957,121.5041103,萬華區,105,23,85,7
362,1008,住宅竊盜,1050722,19~21,台北市中山區合江街58巷1~30號,25.0558319,121.538936,中山區,105,20,172,7
363,1009,住宅竊盜,1050723,22~24,台北市中正區愛國里中華路2段81巷1 ~ 30號,25.0333402,121.5062124,中正區,105,38,73,7
364,1010,住宅竊盜,1050725,13~15,台北市松山區撫遠街300巷1 ~ 30號,25.0650493,121.5659252,松山區,105,10,10,7
365,1011,住宅竊盜,1050726,19~21,台北市士林區永倫里5鄰社中街346巷2弄31~60號,25.0925323,121.5054411,士林區,105,11,84,7
366,1013,住宅竊盜,1050727,01~03,台北市中山區龍江路394巷31~60號,25.067313,121.539788,中山區,105,20,144,7
367,1012,住宅竊盜,1050727,01~03,台北市中山區民族東路410巷1~30號,25.067982,121.538412,中山區,105,23,152,7
368,1014,住宅竊盜,1050727,16~18,台北市士林區公館里2鄰永公路340巷61~90號,25.1191154,121.5636809,士林區,105,1,0,7
369,1015,住宅竊盜,1050728,07~09,台北市南港區成福里成福路121巷1~30號,25.0420264,121.5877587,南港區,105,21,1,7
370,1016,住宅竊盜,1050728,22~24,台北市北投區石牌里致遠一路一段46巷21弄1~30號,25.1096999,121.516577,北投區,105,18,1,7
371,1017,住宅竊盜,1050729,01~03,台北市中山區民權東路2段1 ~ 30號,25.0628844,121.5280983,中山區,105,42,234,7
372,1018,住宅竊盜,1050731,01~03,台北市大安區通化里信義路四段378巷1~30號,25.0325329,121.5556591,大安區,105,39,43,7
373,1019,住宅竊盜,1050731,22~24,台北市信義區松光里林口街1 ~ 30號,25.036479,121.579016,信義區,105,16,1,7
374,1020,住宅竊盜,1050731,22~24,台北市中正區水源里羅斯福路4段61 ~ 90號,25.0148136,121.5341071,中正區,105,8,71,7
375,1021,住宅竊盜,1050801,10~12,台北市北投區公館路209巷38弄1 ~ 30號,25.127496,121.509381,北投區,105,11,46,8
376,1022,住宅竊盜,1050801,16~18,台北市中山區新生北路3段1 ~ 30號,25.0628897,121.5281771,中山區,105,42,234,8
377,1023,住宅竊盜,1050801,22~24,台北市內湖區內湖路一段301 ~ 330號,25.0822303,121.5672968,內湖區,105,5,0,8
378,1024,住宅竊盜,1050801,22~24,台北市北投區溫泉里溫泉路61 ~ 90號,25.135721,121.508193,北投區,105,14,86,8
379,1025,住宅竊盜,1050802,04~06,台北市士林區天玉里5鄰天母北路1 ~ 30號,25.118868,121.526361,士林區,105,21,0,8
380,1026,住宅竊盜,1050802,04~06,台北市中山區撫順街1 ~ 30號,25.0635339,121.520902,中山區,105,41,274,8
381,1027,住宅竊盜,1050805,04~06,台北市信義區三犁里松勤街140巷1 ~ 30號,25.0322281,121.5604846,信義區,105,34,32,8
382,1028,住宅竊盜,1050805,16~18,台北市北投區清江里清江路31 ~ 60號,25.131244,121.5020297,北投區,105,17,112,8
383,1029,住宅竊盜,1050808,04~06,台北市南港區三重里新民街31 ~ 60號,25.0560946,121.6130265,南港區,105,11,3,8
384,1030,住宅竊盜,1050808,16~18,台北市北投區吉利里13鄰吉利街280巷27弄1 ~ 30號,25.1178339,121.5100692,北投區,105,20,21,8
385,1032,住宅竊盜,1050808,16~18,台北市士林區永倫里永平街9巷1 ~ 30號,25.089797,121.504947,士林區,105,13,111,8
386,1031,住宅竊盜,1050808,16~18,台北市北投區中庸里永興路1段1 ~ 30號,25.1388601,121.4994013,北投區,105,22,131,8
387,1033,住宅竊盜,1050809,07~09,台北市信義區景聯里基隆路2段79巷1 ~ 30號,25.0301733,121.5586331,信義區,105,36,53,8
388,1034,住宅竊盜,1050809,13~15,台北市中山區中山北路2段93巷1 ~ 30號,25.0594195,121.5233012,中山區,105,47,203,8
389,1035,住宅竊盜,1050809,19~21,台北市士林區社子里2鄰通河西街2段1 ~ 30號,25.0897162,121.511428,士林區,105,18,149,8
390,1036,住宅竊盜,1050810,13~15,台北市大安區和安里建國南路1段301 ~ 330號,25.035422,121.538315,大安區,105,12,4,8
391,1037,住宅竊盜,1050810,16~18,台北市士林區天母里中山北路7段190巷31 ~ 60號,25.126169,121.535684,士林區,105,14,0,8
392,1038,住宅竊盜,1050810,16~18,台北市中山區民生東路3段91 ~ 120號,25.0578409,121.5441466,中山區,105,19,98,8
393,1039,住宅竊盜,1050810,19~21,台北市北投區關渡里大度路3段301巷150弄1 ~ 30號,25.1191612,121.465348,北投區,105,3,35,8
394,1040,住宅竊盜,1050811,04~06,台北市南港區三重里新民街31 ~ 60號,25.0560946,121.6130265,南港區,105,11,3,8
395,1041,住宅竊盜,1050812,13~15,台北市北投區桃源里4鄰中央北路3段1 ~ 30號,25.1383699,121.4859133,北投區,105,4,38,8
396,1042,住宅竊盜,1050813,22~24,台北市內湖區江南街21巷1 ~ 30號,25.0780236,121.5791167,內湖區,105,12,0,8
397,1043,住宅竊盜,1050814,10~12,台北市信義區正和里仁愛路4段511 ~ 540號,25.0374713,121.5612341,信義區,105,26,51,8
398,1044,住宅竊盜,1050815,10~12,台北市中山區合江街91 ~ 120號,25.059388,121.539272,中山區,105,34,135,8
399,1045,住宅竊盜,1050816,13~15,台北市士林區三玉里1鄰芝玉路2段20巷1 ~ 30號,25.1105034,121.5345333,士林區,105,20,2,8
400,1046,住宅竊盜,1050817,04~06,台北市中正區新營里金華街26之1 ~ 30號,25.0315783,121.5206158,中正區,105,19,52,8
401,1047,住宅竊盜,1050817,16~18,台北市文山區樟新里013鄰木新路3段243巷4弄1 ~ 30號,24.9806769,121.5587909,文山區,105,11,3,8
402,1048,住宅竊盜,1050818,13~15,台北市南港區新光里東新街180巷121 ~ 150號,25.0443584,121.5938745,南港區,105,11,1,8
403,1049,住宅竊盜,1050818,16~18,台北市士林區天山里12鄰中山北路7段14巷31弄1 ~ 30號,25.1195978,121.5325851,士林區,105,23,0,8
404,1050,住宅竊盜,1050819,01~03,台北市大安區法治里通化街180巷1 ~ 30號,25.0276685,121.5549687,大安區,105,38,98,8
405,1051,住宅竊盜,1050819,07~09,台北市內湖區東湖里康樂街48巷1 ~ 30號,25.0689281,121.6183404,內湖區,105,19,3,8
406,1052,住宅竊盜,1050819,19~21,台北市士林區岩山里9鄰忠義路91巷1 ~ 30號,25.1063608,121.5325213,士林區,105,22,20,8
407,1053,住宅竊盜,1050820,01~03,台北市信義區泰和里吳興街600巷76弄151 ~ 180號,25.0175549,121.56927,信義區,105,4,14,8
408,1054,住宅竊盜,1050821,16~18,台北市萬華區武成街101巷1 ~ 30號,25.019287,121.493831,萬華區,105,11,6,8
409,1055,住宅竊盜,1050822,01~03,台北市南港區鴻福里玉成街235巷23弄1 ~ 30號,25.0430491,121.5857591,南港區,105,23,1,8
410,1057,住宅竊盜,1050822,13~15,台北市北投區永明里立農街2段202巷2弄1 ~ 30號,25.1180993,121.51405,北投區,105,20,3,8
411,1056,住宅竊盜,1050822,13~15,台北市萬華區錦德里3鄰西園路2段261巷12弄1 ~ 30號,25.0253008,121.4927985,萬華區,105,21,8,8
412,1058,住宅竊盜,1050823,07~09,台北市南港區中研里研究院路2段70巷17弄1 ~ 30號,25.0459049,121.6145966,南港區,105,9,1,8
413,1059,住宅竊盜,1050824,01~03,台北市中正區光復里重慶南路1段46巷1 ~ 30號,25.044533,121.512811,中正區,105,16,144,8
414,1060,住宅竊盜,1050824,04~06,台北市士林區翠山里中社路1段11巷91 ~ 120號,25.110137,121.562841,士林區,105,1,0,8
415,1061,住宅竊盜,1050824,13~15,台北市北投區中和街474巷1 ~ 30號,25.1454502,121.4951769,北投區,105,13,62,8
416,1062,住宅竊盜,1050826,04~06,台北市中山區林森北路271 ~ 300號,25.0551668,121.5256069,中山區,105,40,143,8
417,1063,住宅竊盜,1050826,07~09,台北市內湖區明湖里4鄰康寧路3段165巷23弄1 ~ 30號,25.0715028,121.6121792,內湖區,105,20,2,8
418,1064,住宅竊盜,1050826,19~21,台北市大同區至聖里酒泉街61 ~ 90號,25.0718738,121.5146597,大同區,105,16,290,8
419,1065,住宅竊盜,1050827,04~06,台北市大安區法治里9鄰通化街182巷1 ~ 30號,25.0270547,121.5531458,大安區,105,39,112,8
420,1066,住宅竊盜,1050827,22~24,台北市內湖區成功路5段61 ~ 90號,25.074201,121.6060548,內湖區,105,6,1,8
421,1067,住宅竊盜,1050828,01~03,台北市內湖區成功路2段486巷1 ~ 30號,25.065579,121.593307,內湖區,105,12,0,8
422,1068,住宅竊盜,1050828,07~09,台北市信義區正和里仁愛路4段511 ~ 540號,25.0374713,121.5612341,信義區,105,26,51,8
423,1069,住宅竊盜,1050828,10~12,台北市大安區仁愛里仁愛路4段27巷31 ~ 60號,25.040702,121.5453235,大安區,105,19,88,8
424,1070,住宅竊盜,1050829,04~06,台北市內湖區港墘路155巷7弄1 ~ 30號,25.0769814,121.5757708,內湖區,105,11,0,8
425,1071,住宅竊盜,1050829,19~21,台北市內湖區康樂街193之1 ~ 30號,25.0759271,121.6207084,內湖區,105,15,1,8
426,1073,住宅竊盜,1050829,22~24,台北市松山區民族東路661 ~ 690號,25.064091,121.547249,松山區,105,17,28,8
427,1072,住宅竊盜,1050829,22~24,台北市中正區光復里重慶南路1段46巷1 ~ 30號,25.044533,121.512811,中正區,105,16,144,8
428,1074,住宅竊盜,1050830,10~12,台北市信義區三犁里松勤街121 ~ 150號,25.031792,121.569442,信義區,105,7,3,8
429,1075,住宅竊盜,1050830,13~15,台北市中山區敬業三路151 ~ 180號,25.0799029,121.5562777,中山區,105,9,0,8
430,1076,住宅竊盜,1050831,13~15,台北市文山區景華里三福街4巷31 ~ 60號,24.9957384,121.542843,文山區,105,13,10,8
431,1077,住宅竊盜,1050901,01~03,台北市北投區秀山里中和街502巷14弄1 ~ 30號,25.1474406,121.494526,北投區,105,9,37,9
432,1078,住宅竊盜,1050901,07~09,台北市南港區九如里研究院路3段68巷1 ~ 30號,25.0355919,121.613748,南港區,105,5,1,9
433,1079,住宅竊盜,1050901,07~09,台北市大安區民輝里新生南路1段103巷1 ~ 30號,25.0406018,121.5353134,大安區,105,12,36,9
434,1080,住宅竊盜,1050901,13~15,台北市信義區永春里中坡北路15巷1 ~ 30號,25.0445428,121.5807245,信義區,105,21,16,9
435,1082,住宅竊盜,1050902,07~09,台北市文山區木柵里018鄰秀明路1段61 ~ 90號,24.9901475,121.5654201,文山區,105,12,61,9
436,1081,住宅竊盜,1050902,07~09,台北市南港區百福里福德街339巷1弄1 ~ 30號,25.039052,121.5889349,南港區,105,16,0,9
437,1083,住宅竊盜,1050902,19~21,台北市萬華區大理街160巷19弄1 ~ 30號,25.0329717,121.4937194,萬華區,105,23,6,9
438,1084,住宅竊盜,1050903,01~03,台北市中山區龍江路377巷22之1 ~ 30號,25.0644061,121.5423197,中山區,105,22,69,9
439,1085,住宅竊盜,1050903,10~12,台北市中山區龍江路370巷31 ~ 60號,25.0665249,121.539285,中山區,105,21,160,9
440,1086,住宅竊盜,1050904,10~12,台北市內湖區五分里23鄰康寧路3段265巷31 ~ 60號,25.066466,121.612507,內湖區,105,16,3,9
441,1087,住宅竊盜,1050906,01~03,台北市內湖區民權東路6段90巷25弄31 ~ 60號,25.0671133,121.5871516,內湖區,105,11,0,9
442,1088,住宅竊盜,1050906,13~15,台北市內湖區文德路210巷30弄61 ~ 90號,25.076931,121.584459,內湖區,105,15,0,9
443,1089,住宅竊盜,1050908,10~12,台北市北投區致遠二路5巷1 ~ 30號,25.1142176,121.5118759,北投區,105,23,2,9
444,1090,住宅竊盜,1050909,01~03,台北市大安區通安里通化街162巷1 ~ 30號,25.0312825,121.5540842,大安區,105,36,66,9
445,1091,住宅竊盜,1050910,01~03,台北市大安區臨江里通化街171巷1 ~ 30號,25.0283452,121.5537787,大安區,105,38,90,9
446,1092,住宅竊盜,1050912,22~24,台北市內湖區內湖路2段179巷241 ~ 270號,25.0845479,121.5836901,內湖區,105,16,0,9
447,1093,住宅竊盜,1050913,19~21,台北市大安區臨江里通化街123巷1 ~ 30號,25.0292355,121.5543056,大安區,105,38,81,9
448,1094,住宅竊盜,1050914,07~09,台北市文山區景美里萬慶街31 ~ 60號,24.9928334,121.5390526,文山區,105,11,10,9
449,1095,住宅竊盜,1050914,10~12,台北市士林區忠誠路2段21巷1 ~ 30號,25.10979,121.5322665,士林區,105,24,6,9
450,1096,住宅竊盜,1050914,19~21,台北市南港區萬福里忠孝東路6段91 ~ 120號,25.0476262,121.5849055,南港區,105,18,15,9
451,1097,住宅竊盜,1050915,16~18,台北市信義區中行里福德街221巷181 ~ 210號,25.0362579,121.5855354,信義區,105,17,0,9
452,1098,住宅竊盜,1050917,19~21,台北市文山區華興里027鄰木柵路1段301 ~ 330號,24.988205,121.554312,文山區,105,12,13,9
453,1099,住宅竊盜,1050918,04~06,台北市內湖區蘆洲里5鄰安康路31 ~ 60號,25.0621049,121.597327,內湖區,105,10,0,9
454,1100,住宅竊盜,1050918,10~12,台北市信義區大道里大道路61 ~ 90號,25.041338,121.582353,信義區,105,23,1,9
455,1101,住宅竊盜,1050918,22~24,台北市士林區天壽里13鄰天母西路1 ~ 30號,25.1183268,121.5264892,士林區,105,21,0,9
456,1102,住宅竊盜,1050919,04~06,台北市文山區順興里010鄰木新路3段74巷1 ~ 30號,24.9827084,121.5646358,文山區,105,14,56,9
457,1103,住宅竊盜,1050919,07~09,台北市信義區長春里虎林街104巷140弄1 ~ 30號,25.0427099,121.573066,信義區,105,19,27,9
458,1104,住宅竊盜,1050919,13~15,台北市北投區中央里中央南路2段6巷31 ~ 60號,25.1293394,121.4994352,北投區,105,11,97,9
459,1105,住宅竊盜,1050919,16~18,台北市中山區民族東路511 ~ 540號,25.0669317,121.5432815,中山區,105,17,71,9
460,1106,住宅竊盜,1050920,01~03,台北市大同區國順里環河北路2段233巷1 ~ 30號,25.0682979,121.5093662,大同區,105,14,274,9
461,1107,住宅竊盜,1050920,16~18,台北市南港區新富里富康街49巷1 ~ 30號,25.0528115,121.6172964,南港區,105,10,1,9
462,1108,住宅竊盜,1050920,19~21,台北市松山區撫遠街395巷1 ~ 30號,25.0652896,121.5658728,松山區,105,10,9,9
463,1109,住宅竊盜,1050920,22~24,台北市信義區福德街121 ~ 150號,25.0373337,121.5824031,信義區,105,18,1,9
464,1110,住宅竊盜,1050921,01~03,台北市士林區福林里至善路1段138巷1 ~ 30號,25.0971871,121.5399762,士林區,105,3,14,9
465,1111,住宅竊盜,1050922,13~15,台北市大安區臨江里通化街39巷50弄31 ~ 60號,25.0288582,121.5548598,大安區,105,38,80,9
466,1112,住宅竊盜,1050922,22~24,台北市松山區市民大道4段301 ~ 330號,25.0452256,121.5568716,松山區,105,21,195,9
467,1114,住宅竊盜,1050923,01~03,台北市士林區後港里大南路428巷1 ~ 30號,25.0897095,121.5172004,士林區,105,15,172,9
468,1113,住宅竊盜,1050923,01~03,台北市北投區關渡里關渡路61 ~ 90號,25.118642,121.468816,北投區,105,3,35,9
469,1115,住宅竊盜,1050923,10~12,台北市大安區誠安里安東街1 ~ 30號,25.0441923,121.5424754,大安區,105,18,114,9
470,1116,住宅竊盜,1050924,07~09,台北市信義區信義路1段151 ~ 180號,25.0384723,121.5181038,信義區,105,15,112,9
471,1117,住宅竊盜,1050924,13~15,台北市松山區市民大道4段301 ~ 330號,25.0452256,121.5568716,松山區,105,21,195,9
472,1118,住宅竊盜,1050925,10~12,台北市松山區光復南路58巷1 ~ 30號,25.0454363,121.5555452,松山區,105,18,199,9
473,1119,住宅竊盜,1050925,16~18,台北市南港區中研里研究院路2段70巷1 ~ 30號,25.0458652,121.6150046,南港區,105,9,1,9
474,1120,住宅竊盜,1050925,19~21,台北市內湖區環山路1段136巷1 ~ 30號,25.0866317,121.5689253,內湖區,105,5,0,9
475,1122,住宅竊盜,1050928,10~12,台北市大安區通安里信義路4段241 ~ 270號,25.0334328,121.5535568,大安區,105,39,47,9
476,1121,住宅竊盜,1050928,10~12,台北市南港區新光里昆陽街171巷3弄1 ~ 30號,25.0474569,121.5940324,南港區,105,11,1,9
477,1123,住宅竊盜,1050929,10~12,台北市北投區建民里文林北路94巷5弄1 ~ 30號,25.1061809,121.517476,北投區,105,12,5,9
478,1124,住宅竊盜,1050930,16~18,台北市中正區螢圃里重慶南路3段83巷7弄1 ~ 30號,25.025216,121.516878,中正區,105,24,62,9
479,1125,住宅竊盜,1051001,04~06,台北市內湖區成功路4段323巷1弄1 ~ 30號,25.0842879,121.5986272,內湖區,105,8,0,10
480,1126,住宅竊盜,1051001,19~21,台北市中正區龍光里重慶南路3段16巷1 ~ 30號,25.0290016,121.5152441,中正區,105,26,82,10
481,1127,住宅竊盜,1051002,07~09,台北市南港區鴻福里玉成街241 ~ 270號,25.0429569,121.5856511,南港區,105,23,1,10
482,1128,住宅竊盜,1051002,07~09,台北市南港區舊莊里舊莊街2段151 ~ 180號,25.027233,121.6548027,南港區,105,1,0,10
483,1129,住宅竊盜,1051004,13~15,台北市萬華區和平西路3段382巷2弄1 ~ 30號,25.0348071,121.4913076,萬華區,105,16,3,10
484,1130,住宅竊盜,1051004,16~18,台北市士林區永倫里7鄰永平街9巷8弄1 ~ 30號,25.089797,121.504947,士林區,105,13,111,10
485,1131,住宅竊盜,1051005,04~06,台北市信義區松智路1 ~ 30號,25.030158,121.565949,信義區,105,12,13,10
486,1132,住宅竊盜,1051006,01~03,台北市內湖區內湖路3段187巷1 ~ 30號,25.0880866,121.5892054,內湖區,105,8,0,10
487,1133,住宅竊盜,1051006,04~06,台北市內湖區金瑞里5鄰內湖路3段187巷1 ~ 30號,25.0872616,121.5884774,內湖區,105,9,0,10
488,1134,住宅竊盜,1051006,22~24,台北市中正區龍福里南昌路1段61 ~ 90號,25.030773,121.517418,中正區,105,23,60,10
489,1135,住宅竊盜,1051007,04~06,台北市大同區鄰江里延平北路4段31 ~ 60號,25.070453,121.510803,大同區,105,16,288,10
490,1136,住宅竊盜,1051007,10~12,台北市萬華區廣州街181 ~ 210號,25.0367399,121.5009654,萬華區,105,30,48,10
491,1137,住宅竊盜,1051007,10~12,台北市松山區新東街20巷1 ~ 30號,25.0584324,121.5661135,松山區,105,24,79,10
492,1138,住宅竊盜,1051007,13~15,台北市中山區南京東路3段91 ~ 120號,25.0521478,121.5390652,中山區,105,17,198,10
493,1139,住宅竊盜,1051007,22~24,台北市士林區天和里9鄰中山北路7段14巷59弄1 ~ 30號,25.1210222,121.5341151,士林區,105,19,0,10
494,1140,住宅竊盜,1051008,13~15,台北市中山區民族東路391 ~ 420號,25.0681158,121.5380872,中山區,105,22,153,10
495,1141,住宅竊盜,1051009,04~06,台北市北投區中庸里大業路661 ~ 690號,25.137199,121.499016,北投區,105,22,134,10
496,1142,住宅竊盜,1051009,07~09,台北市中山區民族東路391 ~ 420號,25.0681158,121.5380872,中山區,105,22,153,10
497,1143,住宅竊盜,1051009,16~18,台北市北投區福興里致遠一路2段61 ~ 90號,25.1122714,121.513337,北投區,105,17,2,10
498,1145,住宅竊盜,1051011,07~09,台北市信義區四育里虎林街30巷1 ~ 30號,25.047192,121.575871,信義區,105,23,41,10
499,1144,住宅竊盜,1051011,07~09,台北市中正區文盛里汀州路3段91 ~ 120號,25.017517,121.52894,中正區,105,15,66,10
500,1146,住宅竊盜,1051011,10~12,台北市萬華區青年路1 ~ 30號,25.024321,121.5023273,萬華區,105,35,35,10
501,1147,住宅竊盜,1051012,10~12,台北市萬華區康定路25巷35弄1 ~ 30號,25.043787,121.504211,萬華區,105,16,76,10
502,1148,住宅竊盜,1051014,07~09,台北市北投區東華里致遠三路61 ~ 90號,25.1217305,121.5113463,北投區,105,19,23,10
503,1149,住宅竊盜,1051015,10~12,台北市內湖區康樂街48巷1 ~ 30號,25.0689281,121.6183404,內湖區,105,19,3,10
504,1150,住宅竊盜,1051015,13~15,台北市中山區新生北路3段61 ~ 90號,25.0659966,121.5280981,中山區,105,34,215,10
505,1151,住宅竊盜,1051015,22~24,台北市文山區樟林里030鄰興隆路4段58巷16弄1 ~ 30號,24.985836,121.560161,文山區,105,16,54,10
506,1152,住宅竊盜,1051016,13~15,台北市內湖區金莊路61 ~ 90號,25.0634772,121.5871663,內湖區,105,16,0,10
507,1153,住宅竊盜,1051016,22~24,台北市信義區忠孝東路5段790巷47弄1 ~ 30號,25.04251,121.578983,信義區,105,24,13,10
508,1154,住宅竊盜,1051017,07~09,台北市士林區福華里承德路4段40巷31 ~ 60號,25.081084,121.521277,士林區,105,12,130,10
509,1155,住宅竊盜,1051017,10~12,台北市萬華區和平西路3段302巷3弄31 ~ 60號,25.0350212,121.4920615,萬華區,105,16,3,10
510,1156,住宅竊盜,1051017,13~15,台北市松山區健康路391 ~ 420號,25.054497,121.5687966,松山區,105,27,114,10
511,1157,住宅竊盜,1051018,01~03,台北市信義區三張里松智路31巷1 ~ 30號,25.031104,121.5655388,信義區,105,13,13,10
512,1158,住宅竊盜,1051018,10~12,台北市大安區光信里信義路4段265巷21弄1 ~ 30號,25.0343286,121.5549859,大安區,105,38,49,10
513,1159,住宅竊盜,1051018,19~21,台北市松山區光復南路46巷1 ~ 30號,25.0462155,121.55722,松山區,105,19,203,10
514,1160,住宅竊盜,1051018,22~24,台北市大安區和安里建國南路1段331 ~ 360號,25.0346371,121.5380643,大安區,105,11,6,10
515,1161,住宅竊盜,1051019,01~03,台北市北投區文林里文林北路80巷60弄1 ~ 30號,25.1070198,121.5163813,北投區,105,13,1,10
516,1162,住宅竊盜,1051020,16~18,台北市士林區福林里中正路201巷31 ~ 60號,25.0936613,121.5271665,士林區,105,7,109,10
517,1163,住宅竊盜,1051020,22~24,台北市文山區順興里025鄰保儀路91 ~ 120號,24.984668,121.5661796,文山區,105,13,61,10
518,1164,住宅竊盜,1051021,10~12,台北市士林區天和里14鄰中山北路7段114巷31 ~ 60號,25.1229118,121.5337809,士林區,105,21,0,10
519,1165,住宅竊盜,1051021,10~12,台北市中山區北安路630巷25弄1 ~ 30號,25.0829322,121.5503761,中山區,105,8,0,10
520,1166,住宅竊盜,1051022,22~24,台北市中山區中山北路1段135巷37之1 ~ 30號,25.0513302,121.5246709,中山區,105,29,106,10
521,1167,住宅竊盜,1051023,01~03,台北市信義區中坡里福德街221巷3弄1 ~ 30號,25.0363969,121.58416,信義區,105,18,0,10
522,1168,住宅竊盜,1051023,07~09,台北市松山區八德路5段601 ~ 630號,25.0476349,121.5513938,松山區,105,20,212,10
523,1169,住宅竊盜,1051023,10~12,台北市士林區福華里18鄰通河街325巷1 ~ 30號,25.0818911,121.518399,士林區,105,17,180,10
524,1170,住宅竊盜,1051024,13~15,台北市大安區龍淵里和平東路2段96巷15弄1 ~ 30號,25.0233245,121.5423174,大安區,105,8,94,10
525,1171,住宅竊盜,1051024,13~15,台北市北投區稻香里中央北路2段320巷2弄1 ~ 30號,25.1359957,121.4961103,北投區,105,18,116,10
526,1172,住宅竊盜,1051024,19~21,台北市南港區成功路1段82巷1 ~ 30號,25.057602,121.5920349,南港區,105,15,0,10
527,1173,住宅竊盜,1051025,16~18,台北市內湖區成功路2段510巷1 ~ 30號,25.065579,121.593307,內湖區,105,12,0,10
528,1174,住宅竊盜,1051026,13~15,台北市中山區林森北路391 ~ 420號,25.0586777,121.5257019,中山區,105,45,205,10
529,1175,住宅竊盜,1051026,13~15,台北市信義區黎順里崇德街31 ~ 60號,25.024309,121.554059,信義區,105,30,118,10
530,1176,住宅竊盜,1051027,01~03,台北市大安區和安里建國南路1段301 ~ 330號,25.035422,121.538315,大安區,105,12,4,10
531,1177,住宅竊盜,1051027,22~24,台北市南港區南港里南港路1段171巷28弄1 ~ 30號,25.0542928,121.612961,南港區,105,13,3,10
532,1178,住宅竊盜,1051028,04~06,台北市士林區社新里8鄰社子街63巷1 ~ 30號,25.0884781,121.5067992,士林區,105,17,130,10
533,1179,住宅竊盜,1051028,10~12,台北市大安區光信里信義路4段265巷21弄1 ~ 30號,25.0343286,121.5549859,大安區,105,38,49,10
534,1180,住宅竊盜,1051028,10~12,台北市大安區龍泉里師大路39巷1 ~ 30號,25.0248449,121.528813,大安區,105,15,68,10
535,1181,住宅竊盜,1051029,10~12,台北市中山區雙城街23巷1 ~ 30號,25.0658933,121.5247077,中山區,105,35,255,10
536,1182,住宅竊盜,1051029,16~18,台北市文山區樟文里001鄰忠順街1段10巷1 ~ 30號,24.9832325,121.5584562,文山區,105,14,15,10
537,1183,住宅竊盜,1051029,19~21,台北市萬華區康定路46巷1 ~ 30號,25.0431689,121.50245,萬華區,105,14,53,10
538,1184,住宅竊盜,1051030,13~15,台北市中山區林森北路391 ~ 420號,25.0586777,121.5257019,中山區,105,45,205,10
539,1185,住宅竊盜,1051031,01~03,台北市大同區至聖里5鄰民族西路31巷22之1 ~ 30號,25.0692731,121.5195574,大同區,105,18,309,10
540,1186,住宅竊盜,1051031,07~09,台北市松山區光復北路11巷91 ~ 120號,25.0504193,121.5618936,松山區,105,28,200,10
541,1187,住宅竊盜,1051031,10~12,台北市中正區林興里水源路33巷1 ~ 30號,25.018176,121.5242802,中正區,105,14,53,10
542,1188,住宅竊盜,1051031,10~12,台北市中山區林森北路241 ~ 270號,25.0538966,121.5254722,中山區,105,36,137,10
543,1189,住宅竊盜,1051101,07~09,台北市內湖區康樂街72巷17弄1 ~ 30號,25.069717,121.6179698,內湖區,105,19,3,11
544,1190,住宅竊盜,1051101,10~12,台北市北投區尊賢里尊賢街230巷1 ~ 30號,25.1164068,121.5083499,北投區,105,20,19,11
545,1191,住宅竊盜,1051101,10~12,台北市中正區南福里羅斯福路2段61 ~ 90號,25.0284112,121.5206463,中正區,105,23,61,11
546,1192,住宅竊盜,1051101,22~24,台北市大安區延吉街151 ~ 180號,25.0410759,121.5545557,大安區,105,30,150,11
547,1193,住宅竊盜,1051103,22~24,台北市中山區德惠街91 ~ 120號,25.0667363,121.528834,中山區,105,37,201,11
548,1194,住宅竊盜,1051104,10~12,台北市北投區智仁里中和街525巷8弄1 ~ 30號,25.144667,121.4933631,北投區,105,12,69,11
549,1195,住宅竊盜,1051104,22~24,台北市文山區博嘉里004鄰木柵路4段159巷170弄1 ~ 30號,25.003631,121.577827,文山區,105,3,0,11
550,1196,住宅竊盜,1051105,10~12,台北市士林區聖山里芝玉路211 ~ 240號,25.1086052,121.5331738,士林區,105,20,8,11
551,1197,住宅竊盜,1051106,07~09,台北市松山區撫遠街369巷1 ~ 30號,25.0640452,121.5661767,松山區,105,10,22,11
552,1198,住宅竊盜,1051106,10~12,台北市松山區八德路2段437巷10弄1 ~ 30號,25.049583,121.5471946,松山區,105,14,178,11
553,1199,住宅竊盜,1051106,13~15,台北市士林區聖山里芝玉路1段211 ~ 240號,25.1086052,121.5331738,士林區,105,20,8,11
554,1200,住宅竊盜,1051107,16~18,台北市內湖區港華街1 ~ 30號,25.0823766,121.577905,內湖區,105,12,0,11
555,1201,住宅竊盜,1051107,19~21,台北市內湖區內湖路1段591巷1 ~ 30號,25.0811018,121.5733858,內湖區,105,12,0,11
556,1202,住宅竊盜,1051108,16~18,台北市北投區立賢里吉利街1 ~ 30號,25.117969,121.50536,北投區,105,13,24,11
557,1203,住宅竊盜,1051110,04~06,台北市中山區新生北路3段1 ~ 30號,25.0628897,121.5281771,中山區,105,42,234,11
558,1204,住宅竊盜,1051110,07~09,台北市大安區民輝里新生南路1段97巷31 ~ 60號,25.0412631,121.536439,大安區,105,15,45,11
559,1205,住宅竊盜,1051110,10~12,台北市北投區湖山里陽明路1段1 ~ 30號,25.146212,121.548577,北投區,105,2,8,11
560,1206,住宅竊盜,1051110,13~15,台北市大安區和安里信義路3段147巷17弄1 ~ 30號,25.0357959,121.5421071,大安區,105,19,9,11
561,1207,住宅竊盜,1051110,22~24,台北市中正區永功里汀州路1段306巷10弄1 ~ 30號,25.02621,121.511574,中正區,105,34,81,11
562,1208,住宅竊盜,1051111,19~21,台北市內湖區文德31 ~ 60號,25.0786867,121.5809304,內湖區,105,13,0,11
563,1209,住宅竊盜,1051111,22~24,台北市中山區錦州街231巷31 ~ 60號,25.0614865,121.5326335,中山區,105,47,232,11
564,1210,住宅竊盜,1051112,01~03,台北市萬華區環河南路2段130巷6弄1 ~ 30號,25.0369345,121.4943863,萬華區,105,20,3,11
565,1211,住宅竊盜,1051113,10~12,台北市文山區萬盛里萬盛街91 ~ 120號,25.0055973,121.5427974,文山區,105,10,23,11
566,1212,住宅竊盜,1051113,10~12,台北市中正區富水里思源街1 ~ 30號,25.01417,121.5301164,中正區,105,11,65,11
567,1213,住宅竊盜,1051113,13~15,台北市信義區雅祥里松隆路123巷31 ~ 60號,25.0484567,121.5716173,信義區,105,26,101,11
568,1214,住宅竊盜,1051114,10~12,台北市內湖區成功路4段61巷1 ~ 30號,25.0817312,121.5924621,內湖區,105,13,0,11
569,1215,住宅竊盜,1051115,13~15,台北市信義區新仁里基隆路1段61 ~ 90號,25.0476229,121.568143,信義區,105,26,133,11
570,1216,住宅竊盜,1051116,16~18,台北市信義區新仁里基隆路1段61 ~ 90號,25.0476229,121.568143,信義區,105,26,133,11
571,1217,住宅竊盜,1051118,10~12,台北市松山區撫遠街369巷1 ~ 30號,25.0640452,121.5661767,松山區,105,10,22,11
572,1218,住宅竊盜,1051118,19~21,台北市中山區林森北路416巷1 ~ 30號,25.059956,121.5248924,中山區,105,46,223,11
573,1219,住宅竊盜,1051119,19~21,台北市文山區萬隆里5鄰羅斯福路5段218巷38弄1 ~ 30號,25.0026507,121.5370619,文山區,105,12,24,11
574,1220,住宅竊盜,1051120,07~09,台北市中山區龍江路394巷1 ~ 30號,25.067303,121.540841,中山區,105,19,122,11
575,1221,住宅竊盜,1051121,10~12,台北市松山區光復北路121 ~ 150號,25.0521742,121.5571464,松山區,105,20,183,11
576,1222,住宅竊盜,1051121,16~18,台北市士林區承德里11鄰承德路4段58巷46弄1 ~ 30號,25.082598,121.5211869,士林區,105,13,146,11
577,1223,住宅竊盜,1051121,19~21,台北市士林區三玉里士東路200巷15弄1 ~ 30號,25.1121093,121.5339658,士林區,105,28,0,11
578,1224,住宅竊盜,1051122,04~06,台北市內湖區新明路219巷2弄1 ~ 30號,25.0578054,121.5878483,內湖區,105,10,3,11
579,1225,住宅竊盜,1051122,07~09,台北市內湖區康樂街72巷17弄151 ~ 180號,25.0718233,121.617037,內湖區,105,19,3,11
580,1226,住宅竊盜,1051122,16~18,台北市南港區中研里研究院路2段12巷57弄31 ~ 60號,25.048363,121.614163,南港區,105,11,1,11
581,1227,住宅竊盜,1051122,22~24,台北市文山區景仁里景仁街77巷5弄1 ~ 30號,24.997706,121.538266,文山區,105,14,14,11
582,1228,住宅竊盜,1051123,16~18,台北市北投區八仙里承德路7段401巷1111 ~ 1140號,25.1163136,121.4802909,北投區,105,1,4,11
583,1229,住宅竊盜,1051123,22~24,台北市松山區南京東路5段123巷6弄1 ~ 30號,25.0530392,121.5610543,松山區,105,25,180,11
584,1230,住宅竊盜,1051124,07~09,台北市大同區光能里赤峰街12巷1 ~ 30號,25.055028,121.5196003,大同區,105,41,173,11
585,1231,住宅竊盜,1051124,10~12,台北市松山區松河街1 ~ 30號,25.0513317,121.5711251,松山區,105,28,109,11
586,1232,住宅竊盜,1051124,13~15,台北市大同區建明里京站百貨3樓,25.049311,121.517034,大同區,105,24,186,11
587,1233,住宅竊盜,1051125,01~03,台北市文山區明興里032鄰木柵路2段109巷121 ~ 150號,24.9909989,121.563163,文山區,105,14,59,11
588,1234,住宅竊盜,1051125,13~15,台北市大安區臨江里通化街39巷50弄91 ~ 120號,25.028809,121.5550388,大安區,105,38,81,11
589,1235,住宅竊盜,1051125,16~18,台北市萬華區武昌街2段121 ~ 150號,25.0457201,121.5028667,萬華區,105,10,58,11
590,1236,住宅竊盜,1051126,16~18,台北市中正區文北里泰安街6巷1 ~ 30號,25.0401584,121.5275469,中正區,105,7,12,11
591,1237,住宅竊盜,1051127,07~09,台北市北投區桃源里中央北路3段40巷31 ~ 60號,25.1392891,121.4849758,北投區,105,4,33,11
592,1238,住宅竊盜,1051127,10~12,台北市文山區樟林里007鄰光輝路31 ~ 60號,24.9847344,121.5552739,文山區,105,11,11,11
593,1239,住宅竊盜,1051128,07~09,台北市萬華區德昌街154巷1 ~ 30號,25.0241448,121.4959791,萬華區,105,28,10,11
594,1240,住宅竊盜,1051128,16~18,台北市大同區保安里哈密街59巷1 ~ 30號,25.0730457,121.5181453,大同區,105,18,269,11
595,1241,住宅竊盜,1051128,19~21,台北市松山區光復南路58巷1 ~ 30號,25.0454363,121.5555452,松山區,105,18,199,11
596,1242,住宅竊盜,1051129,04~06,台北市萬華區富福里中華路2段1 ~ 30號,25.0332109,121.5050616,萬華區,105,38,71,11
597,1243,住宅竊盜,1051129,19~21,台北市士林區天玉里4鄰天母西路41巷1弄1 ~ 30號,25.1186486,121.5272576,士林區,105,24,0,11
598,1244,住宅竊盜,1051130,22~24,台北市中正區忠勤里中華路2段313巷31 ~ 60號,25.0288008,121.5067246,中正區,105,37,85,11
599,1245,住宅竊盜,1051201,04~06,台北市大同區建明里重慶北路1段1 ~ 30號,25.049577,121.513627,大同區,105,21,226,12
600,1246,住宅竊盜,1051201,07~09,台北市中山區新生北路2段61 ~ 90號,25.0557922,121.5257418,中山區,105,41,154,12
601,1247,住宅竊盜,1051202,16~18,台北市文山區萬芳里007鄰萬芳路31 ~ 60號,24.9983539,121.5683772,文山區,105,6,11,12
602,1248,住宅竊盜,1051203,13~15,台北市中正區廈安里大浦街21巷1 ~ 30號,25.0322972,121.5051266,中正區,105,41,72,12
603,1249,住宅竊盜,1051204,04~06,台北市北投區稻香里稻香路31 ~ 60號,25.1392715,121.4901689,北投區,105,12,83,12
604,1250,住宅竊盜,1051204,07~09,台北市松山區撫遠街255巷1 ~ 30號,25.0609138,121.567307,松山區,105,16,56,12
605,1251,住宅竊盜,1051205,19~21,台北市中正區忠勤里中華路2段313巷1 ~ 30號,25.0281747,121.5059295,中正區,105,37,75,12
606,1252,住宅竊盜,1051206,01~03,台北市北投區一德里中央北路4段18巷1 ~ 30號,25.1359409,121.4784648,北投區,105,3,31,12
607,1253,住宅竊盜,1051206,13~15,台北市士林區葫蘆里延平北路5段285巷32弄1 ~ 30號,25.0857958,121.5087071,士林區,105,18,155,12
608,1254,住宅竊盜,1051206,19~21,台北市士林區天壽里5鄰天母西路22巷6弄1 ~ 30號,25.1178281,121.5270857,士林區,105,25,0,12
610,1256,住宅竊盜,1051207,13~15,台北市北投區關渡里知行路1 ~ 30號,25.118046,121.466701,北投區,105,3,35,12
611,1257,住宅竊盜,1051209,10~12,台北市松山區延壽街402巷2弄1 ~ 30號,25.0558985,121.5571323,松山區,105,14,104,12
612,1258,住宅竊盜,1051210,10~12,台北市大安區古莊里羅斯福路2段101巷31 ~ 60號,25.0248048,121.5260016,大安區,105,18,66,12
613,1259,住宅竊盜,1051214,13~15,台北市內湖區金龍路67巷1之1 ~ 30號,25.085342,121.592945,內湖區,105,12,0,12
614,1260,住宅竊盜,1051215,13~15,台北市中正區河堤里金門街12巷13弄1 ~ 30號,25.0224576,121.5231532,中正區,105,17,61,12
615,1261,住宅竊盜,1051215,13~15,台北市大安區芳和里樂業街94巷7弄1 ~ 30號,25.0211227,121.5510953,大安區,105,23,135,12
616,1262,住宅竊盜,1051216,16~18,台北市大安區黎元里安居街98巷1 ~ 30號,25.0192475,121.5527223,大安區,105,14,127,12
617,1263,住宅竊盜,1051216,16~18,台北市中山區錦州街31 ~ 60號,25.0604257,121.5264588,中山區,105,45,219,12
618,1265,住宅竊盜,1051216,22~24,台北市信義區泰和里吳興街600巷91 ~ 120號,25.0185995,121.5712728,信義區,105,3,2,12
619,1264,住宅竊盜,1051216,22~24,台北市內湖區江南街96巷1 ~ 30號,25.07728,121.577069,內湖區,105,11,0,12
620,1266,住宅竊盜,1051217,07~09,台北市內湖區民權東路6段151 ~ 180號,25.0690252,121.5946403,內湖區,105,9,0,12
621,1267,住宅竊盜,1051217,22~24,台北市大安區黎元里安居街84巷1 ~ 30號,25.0195569,121.5529996,大安區,105,17,127,12
622,1268,住宅竊盜,1051217,22~24,台北市大安區全安里和平東路3段119巷1 ~ 30號,25.0254821,121.5515097,大安區,105,33,127,12
623,1269,住宅竊盜,1051220,04~06,台北市內湖區民權東路六段190巷1 ~ 30號,25.0679835,121.5801663,內湖區,105,6,3,12
624,1270,住宅竊盜,1051220,16~18,台北市中正區文祥里信義路2段61 ~ 90號,25.034799,121.52618,中正區,105,14,10,12
625,1271,住宅竊盜,1051220,19~21,台北市北投區文林北路244巷31 ~ 60號,25.1091187,121.5142941,北投區,105,14,1,12
626,1272,住宅竊盜,1051220,22~24,台北市內湖區內湖路1段225巷1弄1 ~ 30號,25.0829267,121.5649474,內湖區,105,9,0,12
627,1273,住宅竊盜,1051222,16~18,台北市內湖區康寧路3段265巷1 ~ 30號,25.0665095,121.611692,內湖區,105,15,3,12
628,1274,住宅竊盜,1051222,19~21,台北市信義區五常里永吉路225巷32弄1 ~ 30號,25.047144,121.573118,信義區,105,24,70,12
629,1275,住宅竊盜,1051223,13~15,台北市文山區興福里15鄰景華街121巷7弄1 ~ 30號,24.996212,121.5467867,文山區,105,13,4,12
630,1276,住宅竊盜,1051224,01~03,台北市萬華區貴陽街2段211 ~ 240號,25.0401391,121.4990321,萬華區,105,20,8,12
631,1277,住宅竊盜,1051224,13~15,台北市北投區榮華里榮華一路7巷1 ~ 30號,25.111928,121.5242089,北投區,105,32,3,12
632,1278,住宅竊盜,1051224,19~21,台北市萬華區中華路364巷1 ~ 30號,25.0287765,121.5044408,萬華區,105,38,62,12
633,1279,住宅竊盜,1051225,10~12,台北市士林區天玉里天母北路1 ~ 30號,25.118868,121.526361,士林區,105,21,0,12
634,1281,住宅竊盜,1051226,01~03,台北市士林區德行里中山北路5段811巷1 ~ 30號,25.1011719,121.525735,士林區,105,15,71,12
635,1280,住宅竊盜,1051226,01~03,台北市士林區德行里中山北路5段811巷1 ~ 30號,25.1011719,121.525735,士林區,105,15,71,12
636,1282,住宅竊盜,1051226,07~09,台北市中山區中山北路1段121巷1 ~ 30號,25.051326,121.522739,中山區,105,29,106,12
637,1283,住宅竊盜,1051226,19~21,台北市中山區復興北路91 ~ 120號,25.0516758,121.5441167,中山區,105,16,156,12
638,1284,住宅竊盜,1051227,13~15,台北市大安區古風里泰順街60巷18弄1 ~ 30號,25.022174,121.5299204,大安區,105,17,70,12
639,1285,住宅竊盜,1051228,10~12,台北市北投區榮光里西安街1段313巷16弄31 ~ 60號,25.1146585,121.5148223,北投區,105,26,2,12
640,1286,住宅竊盜,1051229,10~12,台北市大安區臨江里通化街101巷31 ~ 60號,25.0294061,121.555591,大安區,105,37,70,12
641,1287,住宅竊盜,1051229,22~24,台北市士林區聖山里19鄰忠誠路1段147巷1 ~ 30號,25.106244,121.530126,士林區,105,25,24,12
642,1288,住宅竊盜,1051230,01~03,台北市萬華區萬大路486巷37弄1 ~ 30號,25.019974,121.496321,萬華區,105,14,5,12
643,1289,住宅竊盜,1051231,19~21,台北市士林區忠誠里忠誠路1段91 ~ 120號,25.1055735,121.5286572,士林區,105,26,35,12
